case_id,activity,timestamp,resource,role,department,team_id,session_id,condition,milestone_id,attrs
T-01-TASK-002,Анализ,2026-11-12 10:00:07,P-01,аналитик,отдел анализа,T-01,S-1,kanban,M-1,
T-01-TASK-002,Взята в работу,2026-11-12 10:02:31,P-01,аналитик,отдел анализа,T-01,S-1,kanban,M-1,
T-01-TASK-002,Проектирование,2026-11-12 10:04:52,P-01,аналитик,отдел анализа,T-01,S-1,kanban,M-1,"{""old"": ""Анализ"", ""new"": ""Проектирование""}"
T-01-TASK-002,Взята в работу,2026-11-12 10:05:21,P-02,архитектор,отдел проектирования,T-01,S-1,kanban,M-1,
T-01-TASK-002,Исполнение,2026-11-12 10:08:46,P-02,архитектор,отдел проектирования,T-01,S-1,kanban,M-1,"{""old"": ""Проектирование"", ""new"": ""Исполнение""}"
T-01-TASK-002,Взята в работу,2026-11-12 10:08:58,P-04,исполнитель,производство,T-01,S-1,kanban,M-1,
T-01-TASK-004,Анализ,2026-11-12 10:11:08,P-01,аналитик,отдел анализа,T-01,S-1,kanban,M-1,
T-01-TASK-007,Анализ,2026-11-12 10:12:07,P-01,аналитик,отдел анализа,T-01,S-1,kanban,M-2,
T-01-TASK-002,Контроль,2026-11-12 10:12:35,P-04,исполнитель,производство,T-01,S-1,kanban,M-1,"{""old"": ""Исполнение"", ""new"": ""Контроль""}"
T-01-TASK-001,Анализ,2026-11-12 10:12:47,P-01,аналитик,отдел анализа,T-01,S-1,kanban,M-1,
T-01-TASK-004,Взята в работу,2026-11-12 10:14:50,P-01,аналитик,отдел анализа,T-01,S-1,kanban,M-1,
T-01-TASK-006,Анализ,2026-11-12 10:15:01,P-01,аналитик,отдел анализа,T-01,S-1,kanban,M-2,
T-01-TASK-001,Взята в работу,2026-11-12 10:15:29,P-01,аналитик,отдел анализа,T-01,S-1,kanban,M-1,
T-01-TASK-007,Взята в работу,2026-11-12 10:15:48,P-01,аналитик,отдел анализа,T-01,S-1,kanban,M-2,
T-01-TASK-002,Взята в работу,2026-11-12 10:15:53,P-05,контролёр,отдел качества,T-01,S-1,kanban,M-1,
T-01-TASK-008,Анализ,2026-11-12 10:16:09,P-01,аналитик,отдел анализа,T-01,S-1,kanban,M-2,
T-01-TASK-008,Взята в работу,2026-11-12 10:16:42,P-01,аналитик,отдел анализа,T-01,S-1,kanban,M-2,
T-01-TASK-006,Взята в работу,2026-11-12 10:17:18,P-01,аналитик,отдел анализа,T-01,S-1,kanban,M-2,
T-01-TASK-001,Проектирование,2026-11-12 10:17:36,P-01,аналитик,отдел анализа,T-01,S-1,kanban,M-1,"{""old"": ""Анализ"", ""new"": ""Проектирование""}"
T-01-TASK-004,Проектирование,2026-11-12 10:18:16,P-01,аналитик,отдел анализа,T-01,S-1,kanban,M-1,"{""old"": ""Анализ"", ""new"": ""Проектирование""}"
T-01-TASK-007,Проектирование,2026-11-12 10:18:35,P-01,аналитик,отдел анализа,T-01,S-1,kanban,M-2,"{""old"": ""Анализ"", ""new"": ""Проектирование""}"
T-01-TASK-007,Взята в работу,2026-11-12 10:18:54,P-02,архитектор,отдел проектирования,T-01,S-1,kanban,M-2,
T-01-TASK-006,Проектирование,2026-11-12 10:19:05,P-01,аналитик,отдел анализа,T-01,S-1,kanban,M-2,"{""old"": ""Анализ"", ""new"": ""Проектирование""}"
T-01-TASK-002,Сдача,2026-11-12 10:19:12,P-05,контролёр,отдел качества,T-01,S-1,kanban,M-1,"{""old"": ""Контроль"", ""new"": ""Сдача""}"
T-01-TASK-003,Анализ,2026-11-12 10:19:27,P-01,аналитик,отдел анализа,T-01,S-1,kanban,M-1,
T-01-TASK-003,Взята в работу,2026-11-12 10:19:37,P-01,аналитик,отдел анализа,T-01,S-1,kanban,M-1,
T-01-TASK-008,Проектирование,2026-11-12 10:19:37,P-01,аналитик,отдел анализа,T-01,S-1,kanban,M-2,"{""old"": ""Анализ"", ""new"": ""Проектирование""}"
T-01-TASK-008,Взята в работу,2026-11-12 10:19:47,P-02,архитектор,отдел проектирования,T-01,S-1,kanban,M-2,
T-01-TASK-001,Взята в работу,2026-11-12 10:20:16,P-02,архитектор,отдел проектирования,T-01,S-1,kanban,M-1,
T-01-TASK-004,Взята в работу,2026-11-12 10:21:43,P-02,архитектор,отдел проектирования,T-01,S-1,kanban,M-1,
T-01-TASK-003,Проектирование,2026-11-12 10:21:51,P-01,аналитик,отдел анализа,T-01,S-1,kanban,M-1,"{""old"": ""Анализ"", ""new"": ""Проектирование""}"
T-01-TASK-006,Взята в работу,2026-11-12 10:22:01,P-02,архитектор,отдел проектирования,T-01,S-1,kanban,M-2,
T-01-TASK-007,Исполнение,2026-11-12 10:22:19,P-02,архитектор,отдел проектирования,T-01,S-1,kanban,M-2,"{""old"": ""Проектирование"", ""new"": ""Исполнение""}"
T-01-TASK-008,Анализ,2026-11-12 10:22:30,P-02,архитектор,отдел проектирования,T-01,S-1,kanban,M-2,"{""old"": ""Проектирование"", ""new"": ""Анализ""}"
T-01-TASK-008,Взята в работу,2026-11-12 10:22:47,P-01,аналитик,отдел анализа,T-01,S-1,kanban,M-2,
T-01-TASK-005,Анализ,2026-11-12 10:22:51,P-01,аналитик,отдел анализа,T-01,S-1,kanban,M-2,
T-01-TASK-001,Исполнение,2026-11-12 10:23:27,P-02,архитектор,отдел проектирования,T-01,S-1,kanban,M-1,"{""old"": ""Проектирование"", ""new"": ""Исполнение""}"
T-01-TASK-005,Взята в работу,2026-11-12 10:23:28,P-01,аналитик,отдел анализа,T-01,S-1,kanban,M-2,
T-01-TASK-003,Взята в работу,2026-11-12 10:23:34,P-02,архитектор,отдел проектирования,T-01,S-1,kanban,M-1,
T-01-TASK-007,Взята в работу,2026-11-12 10:24:08,P-03,исполнитель,производство,T-01,S-1,kanban,M-2,
T-01-TASK-006,Исполнение,2026-11-12 10:24:22,P-02,архитектор,отдел проектирования,T-01,S-1,kanban,M-2,"{""old"": ""Проектирование"", ""new"": ""Исполнение""}"
T-01-TASK-004,Исполнение,2026-11-12 10:25:14,P-02,архитектор,отдел проектирования,T-01,S-1,kanban,M-1,"{""old"": ""Проектирование"", ""new"": ""Исполнение""}"
T-01-TASK-001,Взята в работу,2026-11-12 10:25:15,P-03,исполнитель,производство,T-01,S-1,kanban,M-1,
T-01-TASK-008,Проектирование,2026-11-12 10:25:28,P-01,аналитик,отдел анализа,T-01,S-1,kanban,M-2,"{""old"": ""Анализ"", ""new"": ""Проектирование""}"
T-01-TASK-006,Взята в работу,2026-11-12 10:25:34,P-03,исполнитель,производство,T-01,S-1,kanban,M-2,
T-01-TASK-005,Проектирование,2026-11-12 10:25:35,P-01,аналитик,отдел анализа,T-01,S-1,kanban,M-2,"{""old"": ""Анализ"", ""new"": ""Проектирование""}"
T-01-TASK-004,Взята в работу,2026-11-12 10:25:42,P-03,исполнитель,производство,T-01,S-1,kanban,M-1,
T-01-TASK-008,Взята в работу,2026-11-12 10:26:05,P-02,архитектор,отдел проектирования,T-01,S-1,kanban,M-2,
T-01-TASK-001,Контроль,2026-11-12 10:26:49,P-03,исполнитель,производство,T-01,S-1,kanban,M-1,"{""old"": ""Исполнение"", ""new"": ""Контроль""}"
T-01-TASK-003,Анализ,2026-11-12 10:26:50,P-02,архитектор,отдел проектирования,T-01,S-1,kanban,M-1,"{""old"": ""Проектирование"", ""new"": ""Анализ""}"
T-01-TASK-007,Контроль,2026-11-12 10:26:52,P-03,исполнитель,производство,T-01,S-1,kanban,M-2,"{""old"": ""Исполнение"", ""new"": ""Контроль""}"
T-01-TASK-001,Взята в работу,2026-11-12 10:27:19,P-05,контролёр,отдел качества,T-01,S-1,kanban,M-1,
M-1,Срок вехи изменён,2026-11-12 10:28:00,P-01,аналитик,отдел анализа,T-01,S-1,kanban,M-1,"{""old"": ""2026-11-12T10:30:00"", ""new"": ""2026-11-12T10:40:00""}"
T-01-TASK-005,Взята в работу,2026-11-12 10:28:20,P-02,архитектор,отдел проектирования,T-01,S-1,kanban,M-2,
T-01-TASK-006,Контроль,2026-11-12 10:29:28,P-03,исполнитель,производство,T-01,S-1,kanban,M-2,"{""old"": ""Исполнение"", ""new"": ""Контроль""}"
T-01-TASK-004,Контроль,2026-11-12 10:29:34,P-03,исполнитель,производство,T-01,S-1,kanban,M-1,"{""old"": ""Исполнение"", ""new"": ""Контроль""}"
T-01-TASK-008,Исполнение,2026-11-12 10:29:46,P-02,архитектор,отдел проектирования,T-01,S-1,kanban,M-2,"{""old"": ""Проектирование"", ""new"": ""Исполнение""}"
T-01-TASK-003,Взята в работу,2026-11-12 10:29:48,P-01,аналитик,отдел анализа,T-01,S-1,kanban,M-1,
T-01-TASK-004,Взята в работу,2026-11-12 10:30:03,P-05,контролёр,отдел качества,T-01,S-1,kanban,M-1,
T-01-TASK-001,Исполнение,2026-11-12 10:30:05,P-05,контролёр,отдел качества,T-01,S-1,kanban,M-1,"{""old"": ""Контроль"", ""new"": ""Исполнение""}"
T-01-TASK-005,Исполнение,2026-11-12 10:30:54,P-02,архитектор,отдел проектирования,T-01,S-1,kanban,M-2,"{""old"": ""Проектирование"", ""new"": ""Исполнение""}"
T-01-TASK-005,Взята в работу,2026-11-12 10:31:24,P-04,исполнитель,производство,T-01,S-1,kanban,M-2,
T-01-TASK-007,Взята в работу,2026-11-12 10:32:09,P-05,контролёр,отдел качества,T-01,S-1,kanban,M-2,
T-01-TASK-001,Взята в работу,2026-11-12 10:32:36,P-03,исполнитель,производство,T-01,S-1,kanban,M-1,
T-01-TASK-004,Сдача,2026-11-12 10:32:47,P-05,контролёр,отдел качества,T-01,S-1,kanban,M-1,"{""old"": ""Контроль"", ""new"": ""Сдача""}"
T-01-TASK-003,Проектирование,2026-11-12 10:33:46,P-01,аналитик,отдел анализа,T-01,S-1,kanban,M-1,"{""old"": ""Анализ"", ""new"": ""Проектирование""}"
T-01-TASK-008,Взята в работу,2026-11-12 10:35:03,P-03,исполнитель,производство,T-01,S-1,kanban,M-2,
T-01-TASK-005,Контроль,2026-11-12 10:35:23,P-04,исполнитель,производство,T-01,S-1,kanban,M-2,"{""old"": ""Исполнение"", ""new"": ""Контроль""}"
T-01-TASK-005,Взята в работу,2026-11-12 10:35:35,P-05,контролёр,отдел качества,T-01,S-1,kanban,M-2,
T-01-TASK-001,Контроль,2026-11-12 10:35:51,P-03,исполнитель,производство,T-01,S-1,kanban,M-1,"{""old"": ""Исполнение"", ""new"": ""Контроль""}"
T-01-TASK-007,Сдача,2026-11-12 10:35:51,P-05,контролёр,отдел качества,T-01,S-1,kanban,M-2,"{""old"": ""Контроль"", ""new"": ""Сдача""}"
T-01-TASK-001,Взята в работу,2026-11-12 10:36:21,P-05,контролёр,отдел качества,T-01,S-1,kanban,M-1,
T-01-TASK-006,Взята в работу,2026-11-12 10:36:36,P-05,контролёр,отдел качества,T-01,S-1,kanban,M-2,
T-01-TASK-005,Исполнение,2026-11-12 10:37:12,P-05,контролёр,отдел качества,T-01,S-1,kanban,M-2,"{""old"": ""Контроль"", ""new"": ""Исполнение""}"
T-01-TASK-003,Взята в работу,2026-11-12 10:37:47,P-02,архитектор,отдел проектирования,T-01,S-1,kanban,M-1,
T-01-TASK-008,Контроль,2026-11-12 10:38:26,P-03,исполнитель,производство,T-01,S-1,kanban,M-2,"{""old"": ""Исполнение"", ""new"": ""Контроль""}"
T-01-TASK-001,Сдача,2026-11-12 10:39:19,P-05,контролёр,отдел качества,T-01,S-1,kanban,M-1,"{""old"": ""Контроль"", ""new"": ""Сдача""}"
T-01-TASK-006,Сдача,2026-11-12 10:40:00,P-05,контролёр,отдел качества,T-01,S-1,kanban,M-2,"{""old"": ""Контроль"", ""new"": ""Сдача""}"
T-01-TASK-003,Исполнение,2026-11-12 10:40:14,P-02,архитектор,отдел проектирования,T-01,S-1,kanban,M-1,"{""old"": ""Проектирование"", ""new"": ""Исполнение""}"
T-01-TASK-005,Взята в работу,2026-11-12 10:40:20,P-03,исполнитель,производство,T-01,S-1,kanban,M-2,
T-01-TASK-003,Взята в работу,2026-11-12 10:40:36,P-04,исполнитель,производство,T-01,S-1,kanban,M-1,
T-01-TASK-008,Взята в работу,2026-11-12 10:40:56,P-05,контролёр,отдел качества,T-01,S-1,kanban,M-2,
T-01-TASK-005,Контроль,2026-11-12 10:42:54,P-03,исполнитель,производство,T-01,S-1,kanban,M-2,"{""old"": ""Исполнение"", ""new"": ""Контроль""}"
T-01-TASK-003,Контроль,2026-11-12 10:42:59,P-04,исполнитель,производство,T-01,S-1,kanban,M-1,"{""old"": ""Исполнение"", ""new"": ""Контроль""}"
T-01-TASK-008,Сдача,2026-11-12 10:43:26,P-05,контролёр,отдел качества,T-01,S-1,kanban,M-2,"{""old"": ""Контроль"", ""new"": ""Сдача""}"
T-01-TASK-005,Взята в работу,2026-11-12 10:43:52,P-05,контролёр,отдел качества,T-01,S-1,kanban,M-2,
T-01-TASK-003,Взята в работу,2026-11-12 10:45:24,P-05,контролёр,отдел качества,T-01,S-1,kanban,M-1,
T-01-TASK-005,Сдача,2026-11-12 10:46:51,P-05,контролёр,отдел качества,T-01,S-1,kanban,M-2,"{""old"": ""Контроль"", ""new"": ""Сдача""}"
M-2,Веха закрыта,2026-11-12 10:47:51,P-05,контролёр,отдел качества,T-01,S-1,kanban,M-2,"{""deadline"": ""2026-11-12T10:55:00""}"
T-01-TASK-003,Исполнение,2026-11-12 10:48:37,P-05,контролёр,отдел качества,T-01,S-1,kanban,M-1,"{""old"": ""Контроль"", ""new"": ""Исполнение""}"
T-01-TASK-003,Взята в работу,2026-11-12 10:50:08,P-03,исполнитель,производство,T-01,S-1,kanban,M-1,
T-01-TASK-003,Контроль,2026-11-12 10:52:15,P-03,исполнитель,производство,T-01,S-1,kanban,M-1,"{""old"": ""Исполнение"", ""new"": ""Контроль""}"
T-01-TASK-003,Взята в работу,2026-11-12 10:53:12,P-05,контролёр,отдел качества,T-01,S-1,kanban,M-1,
T-01-TASK-003,Сдача,2026-11-12 10:57:11,P-05,контролёр,отдел качества,T-01,S-1,kanban,M-1,"{""old"": ""Контроль"", ""new"": ""Сдача""}"
M-1,Веха закрыта,2026-11-12 10:58:11,P-05,контролёр,отдел качества,T-01,S-1,kanban,M-1,"{""deadline"": ""2026-11-12T10:40:00""}"
T-02-TASK-003,Анализ,2026-11-13 10:08:13,P-06,аналитик,отдел анализа,T-02,S-1,kanban,M-1,
T-02-TASK-008,Анализ,2026-11-13 10:10:11,P-06,аналитик,отдел анализа,T-02,S-1,kanban,M-2,
T-02-TASK-002,Анализ,2026-11-13 10:10:16,P-06,аналитик,отдел анализа,T-02,S-1,kanban,M-1,
T-02-TASK-008,Взята в работу,2026-11-13 10:10:20,P-06,аналитик,отдел анализа,T-02,S-1,kanban,M-2,
T-02-TASK-003,Взята в работу,2026-11-13 10:10:27,P-06,аналитик,отдел анализа,T-02,S-1,kanban,M-1,
T-02-TASK-006,Анализ,2026-11-13 10:11:08,P-06,аналитик,отдел анализа,T-02,S-1,kanban,M-2,
T-02-TASK-008,Проектирование,2026-11-13 10:12:22,P-06,аналитик,отдел анализа,T-02,S-1,kanban,M-2,"{""old"": ""Анализ"", ""new"": ""Проектирование""}"
T-02-TASK-002,Взята в работу,2026-11-13 10:12:29,P-06,аналитик,отдел анализа,T-02,S-1,kanban,M-1,
T-02-TASK-006,Взята в работу,2026-11-13 10:12:32,P-06,аналитик,отдел анализа,T-02,S-1,kanban,M-2,
T-02-TASK-008,Взята в работу,2026-11-13 10:12:39,P-07,архитектор,отдел проектирования,T-02,S-1,kanban,M-2,
T-02-TASK-003,Проектирование,2026-11-13 10:14:25,P-06,аналитик,отдел анализа,T-02,S-1,kanban,M-1,"{""old"": ""Анализ"", ""new"": ""Проектирование""}"
T-02-TASK-002,Проектирование,2026-11-13 10:14:31,P-06,аналитик,отдел анализа,T-02,S-1,kanban,M-1,"{""old"": ""Анализ"", ""new"": ""Проектирование""}"
T-02-TASK-003,Взята в работу,2026-11-13 10:14:32,P-07,архитектор,отдел проектирования,T-02,S-1,kanban,M-1,
T-02-TASK-008,Анализ,2026-11-13 10:15:01,P-07,архитектор,отдел проектирования,T-02,S-1,kanban,M-2,"{""old"": ""Проектирование"", ""new"": ""Анализ""}"
T-02-TASK-008,Взята в работу,2026-11-13 10:15:57,P-06,аналитик,отдел анализа,T-02,S-1,kanban,M-2,
T-02-TASK-006,Проектирование,2026-11-13 10:16:10,P-06,аналитик,отдел анализа,T-02,S-1,kanban,M-2,"{""old"": ""Анализ"", ""new"": ""Проектирование""}"
T-02-TASK-006,Взята в работу,2026-11-13 10:16:17,P-07,архитектор,отдел проектирования,T-02,S-1,kanban,M-2,
T-02-TASK-002,Взята в работу,2026-11-13 10:17:05,P-07,архитектор,отдел проектирования,T-02,S-1,kanban,M-1,
T-02-TASK-004,Анализ,2026-11-13 10:17:29,P-06,аналитик,отдел анализа,T-02,S-1,kanban,M-1,
T-02-TASK-008,Проектирование,2026-11-13 10:17:50,P-06,аналитик,отдел анализа,T-02,S-1,kanban,M-2,"{""old"": ""Анализ"", ""new"": ""Проектирование""}"
T-02-TASK-003,Исполнение,2026-11-13 10:17:51,P-07,архитектор,отдел проектирования,T-02,S-1,kanban,M-1,"{""old"": ""Проектирование"", ""new"": ""Исполнение""}"
T-02-TASK-001,Анализ,2026-11-13 10:17:59,P-06,аналитик,отдел анализа,T-02,S-1,kanban,M-1,
T-02-TASK-001,Взята в работу,2026-11-13 10:18:15,P-06,аналитик,отдел анализа,T-02,S-1,kanban,M-1,
T-02-TASK-003,Взята в работу,2026-11-13 10:18:26,P-08,исполнитель,производство,T-02,S-1,kanban,M-1,
T-02-TASK-004,Взята в работу,2026-11-13 10:18:39,P-06,аналитик,отдел анализа,T-02,S-1,kanban,M-1,
T-02-TASK-006,Исполнение,2026-11-13 10:19:03,P-07,архитектор,отдел проектирования,T-02,S-1,kanban,M-2,"{""old"": ""Проектирование"", ""new"": ""Исполнение""}"
T-02-TASK-008,Взята в работу,2026-11-13 10:19:44,P-07,архитектор,отдел проектирования,T-02,S-1,kanban,M-2,
T-02-TASK-001,Проектирование,2026-11-13 10:20:18,P-06,аналитик,отдел анализа,T-02,S-1,kanban,M-1,"{""old"": ""Анализ"", ""new"": ""Проектирование""}"
T-02-TASK-001,Взята в работу,2026-11-13 10:20:21,P-07,архитектор,отдел проектирования,T-02,S-1,kanban,M-1,
T-02-TASK-003,Контроль,2026-11-13 10:20:24,P-08,исполнитель,производство,T-02,S-1,kanban,M-1,"{""old"": ""Исполнение"", ""new"": ""Контроль""}"
T-02-TASK-003,Взята в работу,2026-11-13 10:20:42,P-10,контролёр,отдел качества,T-02,S-1,kanban,M-1,
T-02-TASK-002,Исполнение,2026-11-13 10:20:48,P-07,архитектор,отдел проектирования,T-02,S-1,kanban,M-1,"{""old"": ""Проектирование"", ""new"": ""Исполнение""}"
T-02-TASK-006,Взята в работу,2026-11-13 10:20:52,P-08,исполнитель,производство,T-02,S-1,kanban,M-2,
T-02-TASK-007,Анализ,2026-11-13 10:21:34,P-06,аналитик,отдел анализа,T-02,S-1,kanban,M-2,
T-02-TASK-004,Проектирование,2026-11-13 10:22:18,P-06,аналитик,отдел анализа,T-02,S-1,kanban,M-1,"{""old"": ""Анализ"", ""new"": ""Проектирование""}"
T-02-TASK-004,Взята в работу,2026-11-13 10:22:25,P-07,архитектор,отдел проектирования,T-02,S-1,kanban,M-1,
T-02-TASK-003,Сдача,2026-11-13 10:22:40,P-10,контролёр,отдел качества,T-02,S-1,kanban,M-1,"{""old"": ""Контроль"", ""new"": ""Сдача""}"
T-02-TASK-001,Исполнение,2026-11-13 10:23:14,P-07,архитектор,отдел проектирования,T-02,S-1,kanban,M-1,"{""old"": ""Проектирование"", ""new"": ""Исполнение""}"
T-02-TASK-001,Взята в работу,2026-11-13 10:23:23,P-08,исполнитель,производство,T-02,S-1,kanban,M-1,
T-02-TASK-007,Взята в работу,2026-11-13 10:23:30,P-06,аналитик,отдел анализа,T-02,S-1,kanban,M-2,
T-02-TASK-008,Исполнение,2026-11-13 10:23:42,P-07,архитектор,отдел проектирования,T-02,S-1,kanban,M-2,"{""old"": ""Проектирование"", ""new"": ""Исполнение""}"
T-02-TASK-002,Взята в работу,2026-11-13 10:23:52,P-08,исполнитель,производство,T-02,S-1,kanban,M-1,
T-02-TASK-006,Контроль,2026-11-13 10:24:03,P-08,исполнитель,производство,T-02,S-1,kanban,M-2,"{""old"": ""Исполнение"", ""new"": ""Контроль""}"
T-02-TASK-006,Взята в работу,2026-11-13 10:25:05,P-10,контролёр,отдел качества,T-02,S-1,kanban,M-2,
T-02-TASK-008,Взята в работу,2026-11-13 10:25:54,P-08,исполнитель,производство,T-02,S-1,kanban,M-2,
T-02-TASK-007,Проектирование,2026-11-13 10:26:03,P-06,аналитик,отдел анализа,T-02,S-1,kanban,M-2,"{""old"": ""Анализ"", ""new"": ""Проектирование""}"
T-02-TASK-004,Исполнение,2026-11-13 10:26:24,P-07,архитектор,отдел проектирования,T-02,S-1,kanban,M-1,"{""old"": ""Проектирование"", ""new"": ""Исполнение""}"
T-02-TASK-001,Контроль,2026-11-13 10:26:27,P-08,исполнитель,производство,T-02,S-1,kanban,M-1,"{""old"": ""Исполнение"", ""new"": ""Контроль""}"
T-02-TASK-001,Взята в работу,2026-11-13 10:26:36,P-10,контролёр,отдел качества,T-02,S-1,kanban,M-1,
T-02-TASK-002,Контроль,2026-11-13 10:27:23,P-08,исполнитель,производство,T-02,S-1,kanban,M-1,"{""old"": ""Исполнение"", ""new"": ""Контроль""}"
T-02-TASK-002,Взята в работу,2026-11-13 10:27:35,P-10,контролёр,отдел качества,T-02,S-1,kanban,M-1,
T-02-TASK-005,Анализ,2026-11-13 10:28:02,P-06,аналитик,отдел анализа,T-02,S-1,kanban,M-2,
T-02-TASK-001,Сдача,2026-11-13 10:28:10,P-10,контролёр,отдел качества,T-02,S-1,kanban,M-1,"{""old"": ""Контроль"", ""new"": ""Сдача""}"
T-02-TASK-008,Контроль,2026-11-13 10:28:47,P-08,исполнитель,производство,T-02,S-1,kanban,M-2,"{""old"": ""Исполнение"", ""new"": ""Контроль""}"
T-02-TASK-006,Сдача,2026-11-13 10:28:56,P-10,контролёр,отдел качества,T-02,S-1,kanban,M-2,"{""old"": ""Контроль"", ""new"": ""Сдача""}"
T-02-TASK-005,Взята в работу,2026-11-13 10:29:00,P-06,аналитик,отдел анализа,T-02,S-1,kanban,M-2,
T-02-TASK-002,Сдача,2026-11-13 10:30:44,P-10,контролёр,отдел качества,T-02,S-1,kanban,M-1,"{""old"": ""Контроль"", ""new"": ""Сдача""}"
T-02-TASK-007,Взята в работу,2026-11-13 10:31:30,P-07,архитектор,отдел проектирования,T-02,S-1,kanban,M-2,
T-02-TASK-004,Взята в работу,2026-11-13 10:31:37,P-08,исполнитель,производство,T-02,S-1,kanban,M-1,
T-02-TASK-005,Проектирование,2026-11-13 10:32:57,P-06,аналитик,отдел анализа,T-02,S-1,kanban,M-2,"{""old"": ""Анализ"", ""new"": ""Проектирование""}"
T-02-TASK-007,Исполнение,2026-11-13 10:33:31,P-07,архитектор,отдел проектирования,T-02,S-1,kanban,M-2,"{""old"": ""Проектирование"", ""new"": ""Исполнение""}"
T-02-TASK-007,Взята в работу,2026-11-13 10:34:08,P-08,исполнитель,производство,T-02,S-1,kanban,M-2,
T-02-TASK-008,Взята в работу,2026-11-13 10:34:23,P-10,контролёр,отдел качества,T-02,S-1,kanban,M-2,
T-02-TASK-004,Контроль,2026-11-13 10:35:15,P-08,исполнитель,производство,T-02,S-1,kanban,M-1,"{""old"": ""Исполнение"", ""new"": ""Контроль""}"
T-02-TASK-007,Контроль,2026-11-13 10:35:58,P-08,исполнитель,производство,T-02,S-1,kanban,M-2,"{""old"": ""Исполнение"", ""new"": ""Контроль""}"
T-02-TASK-008,Исполнение,2026-11-13 10:36:13,P-10,контролёр,отдел качества,T-02,S-1,kanban,M-2,"{""old"": ""Контроль"", ""new"": ""Исполнение""}"
T-02-TASK-004,Взята в работу,2026-11-13 10:36:17,P-10,контролёр,отдел качества,T-02,S-1,kanban,M-1,
T-02-TASK-007,Взята в работу,2026-11-13 10:37:11,P-10,контролёр,отдел качества,T-02,S-1,kanban,M-2,
T-02-TASK-005,Взята в работу,2026-11-13 10:38:11,P-07,архитектор,отдел проектирования,T-02,S-1,kanban,M-2,
T-02-TASK-008,Взята в работу,2026-11-13 10:38:56,P-08,исполнитель,производство,T-02,S-1,kanban,M-2,
T-02-TASK-004,Сдача,2026-11-13 10:39:00,P-10,контролёр,отдел качества,T-02,S-1,kanban,M-1,"{""old"": ""Контроль"", ""new"": ""Сдача""}"
M-1,Веха закрыта,2026-11-13 10:40:00,P-10,контролёр,отдел качества,T-02,S-1,kanban,M-1,"{""deadline"": ""2026-11-13T10:30:00""}"
T-02-TASK-008,Контроль,2026-11-13 10:40:49,P-08,исполнитель,производство,T-02,S-1,kanban,M-2,"{""old"": ""Исполнение"", ""new"": ""Контроль""}"
T-02-TASK-007,Сдача,2026-11-13 10:41:00,P-10,контролёр,отдел качества,T-02,S-1,kanban,M-2,"{""old"": ""Контроль"", ""new"": ""Сдача""}"
T-02-TASK-005,Исполнение,2026-11-13 10:41:38,P-07,архитектор,отдел проектирования,T-02,S-1,kanban,M-2,"{""old"": ""Проектирование"", ""new"": ""Исполнение""}"
T-02-TASK-005,Взята в работу,2026-11-13 10:41:59,P-09,исполнитель,производство,T-02,S-1,kanban,M-2,
T-02-TASK-008,Взята в работу,2026-11-13 10:42:40,P-10,контролёр,отдел качества,T-02,S-1,kanban,M-2,
T-02-TASK-005,Контроль,2026-11-13 10:44:13,P-09,исполнитель,производство,T-02,S-1,kanban,M-2,"{""old"": ""Исполнение"", ""new"": ""Контроль""}"
T-02-TASK-005,Взята в работу,2026-11-13 10:45:57,P-10,контролёр,отдел качества,T-02,S-1,kanban,M-2,
T-02-TASK-008,Сдача,2026-11-13 10:45:58,P-10,контролёр,отдел качества,T-02,S-1,kanban,M-2,"{""old"": ""Контроль"", ""new"": ""Сдача""}"
T-02-TASK-005,Сдача,2026-11-13 10:48:48,P-10,контролёр,отдел качества,T-02,S-1,kanban,M-2,"{""old"": ""Контроль"", ""new"": ""Сдача""}"
M-2,Веха закрыта,2026-11-13 10:49:48,P-10,контролёр,отдел качества,T-02,S-1,kanban,M-2,"{""deadline"": ""2026-11-13T10:55:00""}"
T-03-TASK-004,Анализ,2026-11-14 10:00:29,P-11,аналитик,отдел анализа,T-03,S-1,sprints,M-1,
T-03-TASK-001,Анализ,2026-11-14 10:05:16,P-11,аналитик,отдел анализа,T-03,S-1,sprints,M-1,
T-03-TASK-004,Взята в работу,2026-11-14 10:05:50,P-11,аналитик,отдел анализа,T-03,S-1,sprints,M-1,
T-03-TASK-001,Взята в работу,2026-11-14 10:06:17,P-11,аналитик,отдел анализа,T-03,S-1,sprints,M-1,
T-03-TASK-004,Проектирование,2026-11-14 10:08:21,P-11,аналитик,отдел анализа,T-03,S-1,sprints,M-1,"{""old"": ""Анализ"", ""new"": ""Проектирование""}"
T-03-TASK-004,Взята в работу,2026-11-14 10:09:26,P-12,архитектор,отдел проектирования,T-03,S-1,sprints,M-1,
T-03-TASK-008,Анализ,2026-11-14 10:10:00,P-11,аналитик,отдел анализа,T-03,S-1,sprints,M-2,
T-03-TASK-001,Проектирование,2026-11-14 10:10:03,P-11,аналитик,отдел анализа,T-03,S-1,sprints,M-1,"{""old"": ""Анализ"", ""new"": ""Проектирование""}"
T-03-TASK-001,Взята в работу,2026-11-14 10:10:24,P-12,архитектор,отдел проектирования,T-03,S-1,sprints,M-1,
T-03-TASK-008,Взята в работу,2026-11-14 10:10:50,P-11,аналитик,отдел анализа,T-03,S-1,sprints,M-2,
T-03-TASK-002,Анализ,2026-11-14 10:11:13,P-11,аналитик,отдел анализа,T-03,S-1,sprints,M-1,
T-03-TASK-002,Взята в работу,2026-11-14 10:11:29,P-11,аналитик,отдел анализа,T-03,S-1,sprints,M-1,
T-03-TASK-004,Исполнение,2026-11-14 10:12:55,P-12,архитектор,отдел проектирования,T-03,S-1,sprints,M-1,"{""old"": ""Проектирование"", ""new"": ""Исполнение""}"
T-03-TASK-001,Исполнение,2026-11-14 10:12:57,P-12,архитектор,отдел проектирования,T-03,S-1,sprints,M-1,"{""old"": ""Проектирование"", ""new"": ""Исполнение""}"
T-03-TASK-006,Анализ,2026-11-14 10:13:34,P-11,аналитик,отдел анализа,T-03,S-1,sprints,M-2,
T-03-TASK-006,Взята в работу,2026-11-14 10:13:42,P-11,аналитик,отдел анализа,T-03,S-1,sprints,M-2,
T-03-TASK-008,Проектирование,2026-11-14 10:14:17,P-11,аналитик,отдел анализа,T-03,S-1,sprints,M-2,"{""old"": ""Анализ"", ""new"": ""Проектирование""}"
T-03-TASK-001,Взята в работу,2026-11-14 10:14:22,P-13,исполнитель,производство,T-03,S-1,sprints,M-1,
T-03-TASK-005,Анализ,2026-11-14 10:14:27,P-11,аналитик,отдел анализа,T-03,S-1,sprints,M-2,
T-03-TASK-002,Проектирование,2026-11-14 10:15:11,P-11,аналитик,отдел анализа,T-03,S-1,sprints,M-1,"{""old"": ""Анализ"", ""new"": ""Проектирование""}"
T-03-TASK-001,Контроль,2026-11-14 10:16:12,P-13,исполнитель,производство,T-03,S-1,sprints,M-1,"{""old"": ""Исполнение"", ""new"": ""Контроль""}"
T-03-TASK-005,Взята в работу,2026-11-14 10:16:14,P-11,аналитик,отдел анализа,T-03,S-1,sprints,M-2,
T-03-TASK-008,Взята в работу,2026-11-14 10:16:29,P-12,архитектор,отдел проектирования,T-03,S-1,sprints,M-2,
T-03-TASK-006,Проектирование,2026-11-14 10:16:41,P-11,аналитик,отдел анализа,T-03,S-1,sprints,M-2,"{""old"": ""Анализ"", ""new"": ""Проектирование""}"
T-03-TASK-001,Взята в работу,2026-11-14 10:16:49,P-15,контролёр,отдел качества,T-03,S-1,sprints,M-1,
T-03-TASK-002,Взята в работу,2026-11-14 10:17:57,P-12,архитектор,отдел проектирования,T-03,S-1,sprints,M-1,
T-03-TASK-003,Анализ,2026-11-14 10:17:58,P-11,аналитик,отдел анализа,T-03,S-1,sprints,M-1,
T-03-TASK-005,Проектирование,2026-11-14 10:18:26,P-11,аналитик,отдел анализа,T-03,S-1,sprints,M-2,"{""old"": ""Анализ"", ""new"": ""Проектирование""}"
T-03-TASK-008,Исполнение,2026-11-14 10:19:05,P-12,архитектор,отдел проектирования,T-03,S-1,sprints,M-2,"{""old"": ""Проектирование"", ""new"": ""Исполнение""}"
T-03-TASK-001,Сдача,2026-11-14 10:19:25,P-15,контролёр,отдел качества,T-03,S-1,sprints,M-1,"{""old"": ""Контроль"", ""new"": ""Сдача""}"
T-03-TASK-004,Взята в работу,2026-11-14 10:19:45,P-13,исполнитель,производство,T-03,S-1,sprints,M-1,
T-03-TASK-006,Взята в работу,2026-11-14 10:21:15,P-12,архитектор,отдел проектирования,T-03,S-1,sprints,M-2,
T-03-TASK-002,Исполнение,2026-11-14 10:21:32,P-12,архитектор,отдел проектирования,T-03,S-1,sprints,M-1,"{""old"": ""Проектирование"", ""new"": ""Исполнение""}"
T-03-TASK-004,Контроль,2026-11-14 10:21:49,P-13,исполнитель,производство,T-03,S-1,sprints,M-1,"{""old"": ""Исполнение"", ""new"": ""Контроль""}"
T-03-TASK-003,Взята в работу,2026-11-14 10:21:59,P-11,аналитик,отдел анализа,T-03,S-1,sprints,M-1,
T-03-TASK-004,Взята в работу,2026-11-14 10:23:19,P-15,контролёр,отдел качества,T-03,S-1,sprints,M-1,
T-03-TASK-002,Взята в работу,2026-11-14 10:23:30,P-13,исполнитель,производство,T-03,S-1,sprints,M-1,
T-03-TASK-006,Исполнение,2026-11-14 10:23:32,P-12,архитектор,отдел проектирования,T-03,S-1,sprints,M-2,"{""old"": ""Проектирование"", ""new"": ""Исполнение""}"
T-03-TASK-008,Взята в работу,2026-11-14 10:24:37,P-14,исполнитель,производство,T-03,S-1,sprints,M-2,
T-03-TASK-002,Контроль,2026-11-14 10:25:07,P-13,исполнитель,производство,T-03,S-1,sprints,M-1,"{""old"": ""Исполнение"", ""new"": ""Контроль""}"
T-03-TASK-003,Проектирование,2026-11-14 10:25:09,P-11,аналитик,отдел анализа,T-03,S-1,sprints,M-1,"{""old"": ""Анализ"", ""new"": ""Проектирование""}"
T-03-TASK-006,Взята в работу,2026-11-14 10:25:14,P-13,исполнитель,производство,T-03,S-1,sprints,M-2,
T-03-TASK-007,Анализ,2026-11-14 10:26:07,P-11,аналитик,отдел анализа,T-03,S-1,sprints,M-2,
T-03-TASK-004,Сдача,2026-11-14 10:26:52,P-15,контролёр,отдел качества,T-03,S-1,sprints,M-1,"{""old"": ""Контроль"", ""new"": ""Сдача""}"
T-03-TASK-007,Взята в работу,2026-11-14 10:27:42,P-11,аналитик,отдел анализа,T-03,S-1,sprints,M-2,
T-03-TASK-006,Контроль,2026-11-14 10:28:11,P-13,исполнитель,производство,T-03,S-1,sprints,M-2,"{""old"": ""Исполнение"", ""new"": ""Контроль""}"
T-03-TASK-006,Взята в работу,2026-11-14 10:28:21,P-15,контролёр,отдел качества,T-03,S-1,sprints,M-2,
T-03-TASK-008,Контроль,2026-11-14 10:28:31,P-14,исполнитель,производство,T-03,S-1,sprints,M-2,"{""old"": ""Исполнение"", ""new"": ""Контроль""}"
T-03-TASK-007,Проектирование,2026-11-14 10:29:23,P-11,аналитик,отдел анализа,T-03,S-1,sprints,M-2,"{""old"": ""Анализ"", ""new"": ""Проектирование""}"
T-03-TASK-005,Взята в работу,2026-11-14 10:30:21,P-12,архитектор,отдел проектирования,T-03,S-1,sprints,M-2,
T-03-TASK-003,Взята в работу,2026-11-14 10:30:27,P-12,архитектор,отдел проектирования,T-03,S-1,sprints,M-1,
T-03-TASK-006,Сдача,2026-11-14 10:30:56,P-15,контролёр,отдел качества,T-03,S-1,sprints,M-2,"{""old"": ""Контроль"", ""new"": ""Сдача""}"
T-03-TASK-008,Взята в работу,2026-11-14 10:32:16,P-15,контролёр,отдел качества,T-03,S-1,sprints,M-2,
T-03-TASK-005,Исполнение,2026-11-14 10:32:33,P-12,архитектор,отдел проектирования,T-03,S-1,sprints,M-2,"{""old"": ""Проектирование"", ""new"": ""Исполнение""}"
T-03-TASK-007,Взята в работу,2026-11-14 10:32:48,P-12,архитектор,отдел проектирования,T-03,S-1,sprints,M-2,
T-03-TASK-002,Взята в работу,2026-11-14 10:33:08,P-15,контролёр,отдел качества,T-03,S-1,sprints,M-1,
T-03-TASK-003,Исполнение,2026-11-14 10:34:10,P-12,архитектор,отдел проектирования,T-03,S-1,sprints,M-1,"{""old"": ""Проектирование"", ""new"": ""Исполнение""}"
T-03-TASK-008,Сдача,2026-11-14 10:34:29,P-15,контролёр,отдел качества,T-03,S-1,sprints,M-2,"{""old"": ""Контроль"", ""new"": ""Сдача""}"
T-03-TASK-007,Исполнение,2026-11-14 10:35:57,P-12,архитектор,отдел проектирования,T-03,S-1,sprints,M-2,"{""old"": ""Проектирование"", ""new"": ""Исполнение""}"
T-03-TASK-005,Взята в работу,2026-11-14 10:36:32,P-14,исполнитель,производство,T-03,S-1,sprints,M-2,
T-03-TASK-002,Сдача,2026-11-14 10:36:37,P-15,контролёр,отдел качества,T-03,S-1,sprints,M-1,"{""old"": ""Контроль"", ""new"": ""Сдача""}"
T-03-TASK-007,Взята в работу,2026-11-14 10:38:26,P-14,исполнитель,производство,T-03,S-1,sprints,M-2,
T-03-TASK-005,Контроль,2026-11-14 10:40:09,P-14,исполнитель,производство,T-03,S-1,sprints,M-2,"{""old"": ""Исполнение"", ""new"": ""Контроль""}"
T-03-TASK-007,Контроль,2026-11-14 10:41:36,P-14,исполнитель,производство,T-03,S-1,sprints,M-2,"{""old"": ""Исполнение"", ""new"": ""Контроль""}"
T-03-TASK-003,Взята в работу,2026-11-14 10:43:16,P-13,исполнитель,производство,T-03,S-1,sprints,M-1,
T-03-TASK-007,Взята в работу,2026-11-14 10:43:24,P-15,контролёр,отдел качества,T-03,S-1,sprints,M-2,
T-03-TASK-003,Контроль,2026-11-14 10:45:21,P-13,исполнитель,производство,T-03,S-1,sprints,M-1,"{""old"": ""Исполнение"", ""new"": ""Контроль""}"
T-03-TASK-007,Исполнение,2026-11-14 10:45:38,P-15,контролёр,отдел качества,T-03,S-1,sprints,M-2,"{""old"": ""Контроль"", ""new"": ""Исполнение""}"
T-03-TASK-007,Взята в работу,2026-11-14 10:49:28,P-14,исполнитель,производство,T-03,S-1,sprints,M-2,
T-03-TASK-005,Взята в работу,2026-11-14 10:49:57,P-15,контролёр,отдел качества,T-03,S-1,sprints,M-2,
T-03-TASK-005,Сдача,2026-11-14 10:51:44,P-15,контролёр,отдел качества,T-03,S-1,sprints,M-2,"{""old"": ""Контроль"", ""new"": ""Сдача""}"
T-03-TASK-007,Контроль,2026-11-14 10:51:55,P-14,исполнитель,производство,T-03,S-1,sprints,M-2,"{""old"": ""Исполнение"", ""new"": ""Контроль""}"
M-2,Срок вехи изменён,2026-11-14 10:53:00,P-11,аналитик,отдел анализа,T-03,S-1,sprints,M-2,"{""old"": ""2026-11-14T10:55:00"", ""new"": ""2026-11-14T11:05:00""}"
T-03-TASK-007,Взята в работу,2026-11-14 10:55:16,P-15,контролёр,отдел качества,T-03,S-1,sprints,M-2,
T-03-TASK-007,Сдача,2026-11-14 10:57:31,P-15,контролёр,отдел качества,T-03,S-1,sprints,M-2,"{""old"": ""Контроль"", ""new"": ""Сдача""}"
T-03-TASK-003,Взята в работу,2026-11-14 10:58:26,P-15,контролёр,отдел качества,T-03,S-1,sprints,M-1,
M-2,Веха закрыта,2026-11-14 10:58:31,P-15,контролёр,отдел качества,T-03,S-1,sprints,M-2,"{""deadline"": ""2026-11-14T11:05:00""}"
T-03-TASK-003,Сдача,2026-11-14 11:01:58,P-15,контролёр,отдел качества,T-03,S-1,sprints,M-1,"{""old"": ""Контроль"", ""new"": ""Сдача""}"
M-1,Веха закрыта,2026-11-14 11:02:58,P-15,контролёр,отдел качества,T-03,S-1,sprints,M-1,"{""deadline"": ""2026-11-14T10:30:00""}"
T-04-TASK-002,Анализ,2026-11-15 10:02:57,P-16,аналитик,отдел анализа,T-04,S-1,sprints,M-1,
T-04-TASK-004,Анализ,2026-11-15 10:05:29,P-16,аналитик,отдел анализа,T-04,S-1,sprints,M-1,
T-04-TASK-004,Взята в работу,2026-11-15 10:09:52,P-16,аналитик,отдел анализа,T-04,S-1,sprints,M-1,
T-04-TASK-002,Взята в работу,2026-11-15 10:10:45,P-16,аналитик,отдел анализа,T-04,S-1,sprints,M-1,
T-04-TASK-004,Проектирование,2026-11-15 10:11:57,P-16,аналитик,отдел анализа,T-04,S-1,sprints,M-1,"{""old"": ""Анализ"", ""new"": ""Проектирование""}"
T-04-TASK-004,Взята в работу,2026-11-15 10:13:18,P-17,архитектор,отдел проектирования,T-04,S-1,sprints,M-1,
T-04-TASK-002,Проектирование,2026-11-15 10:14:24,P-16,аналитик,отдел анализа,T-04,S-1,sprints,M-1,"{""old"": ""Анализ"", ""new"": ""Проектирование""}"
T-04-TASK-004,Исполнение,2026-11-15 10:16:09,P-17,архитектор,отдел проектирования,T-04,S-1,sprints,M-1,"{""old"": ""Проектирование"", ""new"": ""Исполнение""}"
T-04-TASK-004,Взята в работу,2026-11-15 10:17:50,P-18,исполнитель,производство,T-04,S-1,sprints,M-1,
T-04-TASK-005,Анализ,2026-11-15 10:18:18,P-16,аналитик,отдел анализа,T-04,S-1,sprints,M-2,
T-04-TASK-001,Анализ,2026-11-15 10:19:02,P-16,аналитик,отдел анализа,T-04,S-1,sprints,M-1,
T-04-TASK-002,Взята в работу,2026-11-15 10:19:41,P-17,архитектор,отдел проектирования,T-04,S-1,sprints,M-1,
T-04-TASK-004,Контроль,2026-11-15 10:19:43,P-18,исполнитель,производство,T-04,S-1,sprints,M-1,"{""old"": ""Исполнение"", ""new"": ""Контроль""}"
T-04-TASK-003,Анализ,2026-11-15 10:19:45,P-16,аналитик,отдел анализа,T-04,S-1,sprints,M-1,
T-04-TASK-004,Взята в работу,2026-11-15 10:19:57,P-20,контролёр,отдел качества,T-04,S-1,sprints,M-1,
T-04-TASK-002,Исполнение,2026-11-15 10:21:44,P-17,архитектор,отдел проектирования,T-04,S-1,sprints,M-1,"{""old"": ""Проектирование"", ""new"": ""Исполнение""}"
T-04-TASK-007,Анализ,2026-11-15 10:21:50,P-16,аналитик,отдел анализа,T-04,S-1,sprints,M-2,
T-04-TASK-002,Взята в работу,2026-11-15 10:21:54,P-19,исполнитель,производство,T-04,S-1,sprints,M-1,
T-04-TASK-007,Взята в работу,2026-11-15 10:22:08,P-16,аналитик,отдел анализа,T-04,S-1,sprints,M-2,
T-04-TASK-004,Сдача,2026-11-15 10:22:28,P-20,контролёр,отдел качества,T-04,S-1,sprints,M-1,"{""old"": ""Контроль"", ""new"": ""Сдача""}"
T-04-TASK-001,Взята в работу,2026-11-15 10:22:57,P-16,аналитик,отдел анализа,T-04,S-1,sprints,M-1,
T-04-TASK-002,Контроль,2026-11-15 10:24:02,P-19,исполнитель,производство,T-04,S-1,sprints,M-1,"{""old"": ""Исполнение"", ""new"": ""Контроль""}"
T-04-TASK-005,Взята в работу,2026-11-15 10:24:34,P-16,аналитик,отдел анализа,T-04,S-1,sprints,M-2,
T-04-TASK-007,Проектирование,2026-11-15 10:24:42,P-16,аналитик,отдел анализа,T-04,S-1,sprints,M-2,"{""old"": ""Анализ"", ""new"": ""Проектирование""}"
T-04-TASK-006,Анализ,2026-11-15 10:24:57,P-16,аналитик,отдел анализа,T-04,S-1,sprints,M-2,
T-04-TASK-001,Проектирование,2026-11-15 10:25:00,P-16,аналитик,отдел анализа,T-04,S-1,sprints,M-1,"{""old"": ""Анализ"", ""new"": ""Проектирование""}"
T-04-TASK-007,Взята в работу,2026-11-15 10:25:25,P-17,архитектор,отдел проектирования,T-04,S-1,sprints,M-2,
T-04-TASK-001,Взята в работу,2026-11-15 10:25:34,P-17,архитектор,отдел проектирования,T-04,S-1,sprints,M-1,
T-04-TASK-002,Взята в работу,2026-11-15 10:26:10,P-20,контролёр,отдел качества,T-04,S-1,sprints,M-1,
T-04-TASK-008,Анализ,2026-11-15 10:26:41,P-16,аналитик,отдел анализа,T-04,S-1,sprints,M-2,
T-04-TASK-008,Взята в работу,2026-11-15 10:26:46,P-16,аналитик,отдел анализа,T-04,S-1,sprints,M-2,
T-04-TASK-005,Проектирование,2026-11-15 10:27:03,P-16,аналитик,отдел анализа,T-04,S-1,sprints,M-2,"{""old"": ""Анализ"", ""new"": ""Проектирование""}"
T-04-TASK-001,Исполнение,2026-11-15 10:27:11,P-17,архитектор,отдел проектирования,T-04,S-1,sprints,M-1,"{""old"": ""Проектирование"", ""new"": ""Исполнение""}"
T-04-TASK-006,Взята в работу,2026-11-15 10:27:17,P-16,аналитик,отдел анализа,T-04,S-1,sprints,M-2,
T-04-TASK-007,Исполнение,2026-11-15 10:27:34,P-17,архитектор,отдел проектирования,T-04,S-1,sprints,M-2,"{""old"": ""Проектирование"", ""new"": ""Исполнение""}"
M-1,Срок вехи изменён,2026-11-15 10:28:00,P-16,аналитик,отдел анализа,T-04,S-1,sprints,M-1,"{""old"": ""2026-11-15T10:30:00"", ""new"": ""2026-11-15T10:40:00""}"
T-04-TASK-007,Взята в работу,2026-11-15 10:28:57,P-19,исполнитель,производство,T-04,S-1,sprints,M-2,
T-04-TASK-001,Взята в работу,2026-11-15 10:29:18,P-18,исполнитель,производство,T-04,S-1,sprints,M-1,
T-04-TASK-006,Проектирование,2026-11-15 10:29:28,P-16,аналитик,отдел анализа,T-04,S-1,sprints,M-2,"{""old"": ""Анализ"", ""new"": ""Проектирование""}"
T-04-TASK-006,Взята в работу,2026-11-15 10:29:34,P-17,архитектор,отдел проектирования,T-04,S-1,sprints,M-2,
T-04-TASK-008,Проектирование,2026-11-15 10:29:36,P-16,аналитик,отдел анализа,T-04,S-1,sprints,M-2,"{""old"": ""Анализ"", ""new"": ""Проектирование""}"
T-04-TASK-002,Сдача,2026-11-15 10:29:40,P-20,контролёр,отдел качества,T-04,S-1,sprints,M-1,"{""old"": ""Контроль"", ""new"": ""Сдача""}"
T-04-TASK-003,Взята в работу,2026-11-15 10:30:14,P-16,аналитик,отдел анализа,T-04,S-1,sprints,M-1,
T-04-TASK-008,Взята в работу,2026-11-15 10:30:30,P-17,архитектор,отдел проектирования,T-04,S-1,sprints,M-2,
T-04-TASK-006,Исполнение,2026-11-15 10:31:55,P-17,архитектор,отдел проектирования,T-04,S-1,sprints,M-2,"{""old"": ""Проектирование"", ""new"": ""Исполнение""}"
T-04-TASK-008,Исполнение,2026-11-15 10:32:10,P-17,архитектор,отдел проектирования,T-04,S-1,sprints,M-2,"{""old"": ""Проектирование"", ""new"": ""Исполнение""}"
T-04-TASK-007,Контроль,2026-11-15 10:32:21,P-19,исполнитель,производство,T-04,S-1,sprints,M-2,"{""old"": ""Исполнение"", ""new"": ""Контроль""}"
T-04-TASK-001,Контроль,2026-11-15 10:33:01,P-18,исполнитель,производство,T-04,S-1,sprints,M-1,"{""old"": ""Исполнение"", ""new"": ""Контроль""}"
T-04-TASK-007,Взята в работу,2026-11-15 10:33:29,P-20,контролёр,отдел качества,T-04,S-1,sprints,M-2,
T-04-TASK-005,Взята в работу,2026-11-15 10:33:51,P-17,архитектор,отдел проектирования,T-04,S-1,sprints,M-2,
T-04-TASK-003,Проектирование,2026-11-15 10:33:58,P-16,аналитик,отдел анализа,T-04,S-1,sprints,M-1,"{""old"": ""Анализ"", ""new"": ""Проектирование""}"
T-04-TASK-006,Взята в работу,2026-11-15 10:36:25,P-19,исполнитель,производство,T-04,S-1,sprints,M-2,
T-04-TASK-008,Взята в работу,2026-11-15 10:37:05,P-18,исполнитель,производство,T-04,S-1,sprints,M-2,
T-04-TASK-005,Исполнение,2026-11-15 10:37:15,P-17,архитектор,отдел проектирования,T-04,S-1,sprints,M-2,"{""old"": ""Проектирование"", ""new"": ""Исполнение""}"
T-04-TASK-007,Сдача,2026-11-15 10:37:22,P-20,контролёр,отдел качества,T-04,S-1,sprints,M-2,"{""old"": ""Контроль"", ""new"": ""Сдача""}"
T-04-TASK-001,Взята в работу,2026-11-15 10:37:27,P-20,контролёр,отдел качества,T-04,S-1,sprints,M-1,
T-04-TASK-001,Сдача,2026-11-15 10:39:55,P-20,контролёр,отдел качества,T-04,S-1,sprints,M-1,"{""old"": ""Контроль"", ""new"": ""Сдача""}"
T-04-TASK-006,Контроль,2026-11-15 10:40:01,P-19,исполнитель,производство,T-04,S-1,sprints,M-2,"{""old"": ""Исполнение"", ""new"": ""Контроль""}"
T-04-TASK-003,Взята в работу,2026-11-15 10:40:11,P-17,архитектор,отдел проектирования,T-04,S-1,sprints,M-1,
T-04-TASK-008,Контроль,2026-11-15 10:40:57,P-18,исполнитель,производство,T-04,S-1,sprints,M-2,"{""old"": ""Исполнение"", ""new"": ""Контроль""}"
T-04-TASK-003,Исполнение,2026-11-15 10:43:03,P-17,архитектор,отдел проектирования,T-04,S-1,sprints,M-1,"{""old"": ""Проектирование"", ""new"": ""Исполнение""}"
T-04-TASK-003,Взята в работу,2026-11-15 10:45:09,P-19,исполнитель,производство,T-04,S-1,sprints,M-1,
T-04-TASK-005,Взята в работу,2026-11-15 10:47:16,P-18,исполнитель,производство,T-04,S-1,sprints,M-2,
T-04-TASK-008,Взята в работу,2026-11-15 10:47:21,P-20,контролёр,отдел качества,T-04,S-1,sprints,M-2,
T-04-TASK-003,Контроль,2026-11-15 10:48:31,P-19,исполнитель,производство,T-04,S-1,sprints,M-1,"{""old"": ""Исполнение"", ""new"": ""Контроль""}"
T-04-TASK-005,Контроль,2026-11-15 10:49:31,P-18,исполнитель,производство,T-04,S-1,sprints,M-2,"{""old"": ""Исполнение"", ""new"": ""Контроль""}"
T-04-TASK-008,Сдача,2026-11-15 10:50:24,P-20,контролёр,отдел качества,T-04,S-1,sprints,M-2,"{""old"": ""Контроль"", ""new"": ""Сдача""}"
M-2,Срок вехи изменён,2026-11-15 10:53:00,P-16,аналитик,отдел анализа,T-04,S-1,sprints,M-2,"{""old"": ""2026-11-15T10:55:00"", ""new"": ""2026-11-15T11:05:00""}"
T-04-TASK-003,Взята в работу,2026-11-15 10:53:36,P-20,контролёр,отдел качества,T-04,S-1,sprints,M-1,
T-04-TASK-006,Взята в работу,2026-11-15 10:53:51,P-20,контролёр,отдел качества,T-04,S-1,sprints,M-2,
T-04-TASK-005,Взята в работу,2026-11-15 10:56:14,P-20,контролёр,отдел качества,T-04,S-1,sprints,M-2,
T-04-TASK-003,Сдача,2026-11-15 10:56:24,P-20,контролёр,отдел качества,T-04,S-1,sprints,M-1,"{""old"": ""Контроль"", ""new"": ""Сдача""}"
T-04-TASK-006,Сдача,2026-11-15 10:56:41,P-20,контролёр,отдел качества,T-04,S-1,sprints,M-2,"{""old"": ""Контроль"", ""new"": ""Сдача""}"
M-1,Веха закрыта,2026-11-15 10:57:24,P-20,контролёр,отдел качества,T-04,S-1,sprints,M-1,"{""deadline"": ""2026-11-15T10:40:00""}"
T-04-TASK-005,Сдача,2026-11-15 11:00:07,P-20,контролёр,отдел качества,T-04,S-1,sprints,M-2,"{""old"": ""Контроль"", ""new"": ""Сдача""}"
M-2,Веха закрыта,2026-11-15 11:01:07,P-20,контролёр,отдел качества,T-04,S-1,sprints,M-2,"{""deadline"": ""2026-11-15T11:05:00""}"
T-05-TASK-002,Анализ,2026-11-16 10:07:30,P-21,аналитик,отдел анализа,T-05,S-1,hierarchy,M-1,
T-05-TASK-002,Взята в работу,2026-11-16 10:07:54,P-21,аналитик,отдел анализа,T-05,S-1,hierarchy,M-1,
T-05-TASK-004,Анализ,2026-11-16 10:09:17,P-21,аналитик,отдел анализа,T-05,S-1,hierarchy,M-1,
T-05-TASK-003,Анализ,2026-11-16 10:10:07,P-21,аналитик,отдел анализа,T-05,S-1,hierarchy,M-1,
T-05-TASK-003,Взята в работу,2026-11-16 10:10:10,P-21,аналитик,отдел анализа,T-05,S-1,hierarchy,M-1,
T-05-TASK-002,Проектирование,2026-11-16 10:11:07,P-21,аналитик,отдел анализа,T-05,S-1,hierarchy,M-1,"{""old"": ""Анализ"", ""new"": ""Проектирование""}"
T-05-TASK-004,Взята в работу,2026-11-16 10:11:14,P-21,аналитик,отдел анализа,T-05,S-1,hierarchy,M-1,
T-05-TASK-002,Взята в работу,2026-11-16 10:11:39,P-22,архитектор,отдел проектирования,T-05,S-1,hierarchy,M-1,
T-05-TASK-003,Проектирование,2026-11-16 10:12:43,P-21,аналитик,отдел анализа,T-05,S-1,hierarchy,M-1,"{""old"": ""Анализ"", ""new"": ""Проектирование""}"
T-05-TASK-003,Взята в работу,2026-11-16 10:13:17,P-22,архитектор,отдел проектирования,T-05,S-1,hierarchy,M-1,
T-05-TASK-004,Проектирование,2026-11-16 10:13:21,P-21,аналитик,отдел анализа,T-05,S-1,hierarchy,M-1,"{""old"": ""Анализ"", ""new"": ""Проектирование""}"
T-05-TASK-004,Взята в работу,2026-11-16 10:14:59,P-22,архитектор,отдел проектирования,T-05,S-1,hierarchy,M-1,
T-05-TASK-002,Исполнение,2026-11-16 10:15:05,P-21,аналитик,отдел анализа,T-05,S-1,hierarchy,M-1,"{""old"": ""Проектирование"", ""new"": ""Исполнение""}"
T-05-TASK-005,Анализ,2026-11-16 10:16:48,P-21,аналитик,отдел анализа,T-05,S-1,hierarchy,M-2,
T-05-TASK-003,Исполнение,2026-11-16 10:17:11,P-21,аналитик,отдел анализа,T-05,S-1,hierarchy,M-1,"{""old"": ""Проектирование"", ""new"": ""Исполнение""}"
T-05-TASK-004,Исполнение,2026-11-16 10:17:37,P-21,аналитик,отдел анализа,T-05,S-1,hierarchy,M-1,"{""old"": ""Проектирование"", ""new"": ""Исполнение""}"
T-05-TASK-006,Анализ,2026-11-16 10:18:05,P-21,аналитик,отдел анализа,T-05,S-1,hierarchy,M-2,
T-05-TASK-008,Анализ,2026-11-16 10:18:19,P-21,аналитик,отдел анализа,T-05,S-1,hierarchy,M-2,
T-05-TASK-001,Анализ,2026-11-16 10:18:57,P-21,аналитик,отдел анализа,T-05,S-1,hierarchy,M-1,
T-05-TASK-004,Взята в работу,2026-11-16 10:19:40,P-24,исполнитель,производство,T-05,S-1,hierarchy,M-1,
T-05-TASK-006,Взята в работу,2026-11-16 10:19:54,P-21,аналитик,отдел анализа,T-05,S-1,hierarchy,M-2,
T-05-TASK-005,Взята в работу,2026-11-16 10:20:51,P-21,аналитик,отдел анализа,T-05,S-1,hierarchy,M-2,
T-05-TASK-007,Анализ,2026-11-16 10:21:47,P-21,аналитик,отдел анализа,T-05,S-1,hierarchy,M-2,
T-05-TASK-004,Контроль,2026-11-16 10:22:24,P-21,аналитик,отдел анализа,T-05,S-1,hierarchy,M-1,"{""old"": ""Исполнение"", ""new"": ""Контроль""}"
T-05-TASK-006,Проектирование,2026-11-16 10:22:52,P-21,аналитик,отдел анализа,T-05,S-1,hierarchy,M-2,"{""old"": ""Анализ"", ""new"": ""Проектирование""}"
T-05-TASK-002,Взята в работу,2026-11-16 10:23:03,P-23,исполнитель,производство,T-05,S-1,hierarchy,M-1,
T-05-TASK-003,Взята в работу,2026-11-16 10:23:20,P-24,исполнитель,производство,T-05,S-1,hierarchy,M-1,
T-05-TASK-004,Взята в работу,2026-11-16 10:23:24,P-25,контролёр,отдел качества,T-05,S-1,hierarchy,M-1,
T-05-TASK-005,Проектирование,2026-11-16 10:23:39,P-21,аналитик,отдел анализа,T-05,S-1,hierarchy,M-2,"{""old"": ""Анализ"", ""new"": ""Проектирование""}"
T-05-TASK-005,Взята в работу,2026-11-16 10:24:06,P-22,архитектор,отдел проектирования,T-05,S-1,hierarchy,M-2,
T-05-TASK-001,Взята в работу,2026-11-16 10:24:57,P-21,аналитик,отдел анализа,T-05,S-1,hierarchy,M-1,
T-05-TASK-004,Сдача,2026-11-16 10:25:26,P-21,аналитик,отдел анализа,T-05,S-1,hierarchy,M-1,"{""old"": ""Контроль"", ""new"": ""Сдача""}"
T-05-TASK-008,Взята в работу,2026-11-16 10:25:47,P-21,аналитик,отдел анализа,T-05,S-1,hierarchy,M-2,
T-05-TASK-003,Контроль,2026-11-16 10:25:55,P-21,аналитик,отдел анализа,T-05,S-1,hierarchy,M-1,"{""old"": ""Исполнение"", ""new"": ""Контроль""}"
T-05-TASK-002,Контроль,2026-11-16 10:25:57,P-21,аналитик,отдел анализа,T-05,S-1,hierarchy,M-1,"{""old"": ""Исполнение"", ""new"": ""Контроль""}"
T-05-TASK-006,Взята в работу,2026-11-16 10:26:54,P-22,архитектор,отдел проектирования,T-05,S-1,hierarchy,M-2,
T-05-TASK-005,Исполнение,2026-11-16 10:27:24,P-21,аналитик,отдел анализа,T-05,S-1,hierarchy,M-2,"{""old"": ""Проектирование"", ""new"": ""Исполнение""}"
M-1,Срок вехи изменён,2026-11-16 10:28:00,P-21,аналитик,отдел анализа,T-05,S-1,hierarchy,M-1,"{""old"": ""2026-11-16T10:30:00"", ""new"": ""2026-11-16T10:40:00""}"
T-05-TASK-002,Взята в работу,2026-11-16 10:28:05,P-25,контролёр,отдел качества,T-05,S-1,hierarchy,M-1,
T-05-TASK-008,Проектирование,2026-11-16 10:28:14,P-21,аналитик,отдел анализа,T-05,S-1,hierarchy,M-2,"{""old"": ""Анализ"", ""new"": ""Проектирование""}"
T-05-TASK-001,Проектирование,2026-11-16 10:28:23,P-21,аналитик,отдел анализа,T-05,S-1,hierarchy,M-1,"{""old"": ""Анализ"", ""new"": ""Проектирование""}"
T-05-TASK-006,Исполнение,2026-11-16 10:29:15,P-21,аналитик,отдел анализа,T-05,S-1,hierarchy,M-2,"{""old"": ""Проектирование"", ""new"": ""Исполнение""}"
T-05-TASK-008,Взята в работу,2026-11-16 10:30:00,P-22,архитектор,отдел проектирования,T-05,S-1,hierarchy,M-2,
T-05-TASK-002,Сдача,2026-11-16 10:30:40,P-21,аналитик,отдел анализа,T-05,S-1,hierarchy,M-1,"{""old"": ""Контроль"", ""new"": ""Сдача""}"
T-05-TASK-003,Взята в работу,2026-11-16 10:30:42,P-25,контролёр,отдел качества,T-05,S-1,hierarchy,M-1,
T-05-TASK-006,Взята в работу,2026-11-16 10:31:25,P-24,исполнитель,производство,T-05,S-1,hierarchy,M-2,
T-05-TASK-008,Исполнение,2026-11-16 10:32:59,P-21,аналитик,отдел анализа,T-05,S-1,hierarchy,M-2,"{""old"": ""Проектирование"", ""new"": ""Исполнение""}"
T-05-TASK-001,Взята в работу,2026-11-16 10:33:02,P-22,архитектор,отдел проектирования,T-05,S-1,hierarchy,M-1,
T-05-TASK-005,Взята в работу,2026-11-16 10:33:16,P-23,исполнитель,производство,T-05,S-1,hierarchy,M-2,
T-05-TASK-006,Контроль,2026-11-16 10:34:03,P-21,аналитик,отдел анализа,T-05,S-1,hierarchy,M-2,"{""old"": ""Исполнение"", ""new"": ""Контроль""}"
T-05-TASK-003,Сдача,2026-11-16 10:34:30,P-21,аналитик,отдел анализа,T-05,S-1,hierarchy,M-1,"{""old"": ""Контроль"", ""new"": ""Сдача""}"
T-05-TASK-006,Взята в работу,2026-11-16 10:35:30,P-25,контролёр,отдел качества,T-05,S-1,hierarchy,M-2,
T-05-TASK-005,Контроль,2026-11-16 10:36:23,P-21,аналитик,отдел анализа,T-05,S-1,hierarchy,M-2,"{""old"": ""Исполнение"", ""new"": ""Контроль""}"
T-05-TASK-001,Исполнение,2026-11-16 10:36:56,P-21,аналитик,отдел анализа,T-05,S-1,hierarchy,M-1,"{""old"": ""Проектирование"", ""new"": ""Исполнение""}"
T-05-TASK-006,Исполнение,2026-11-16 10:37:18,P-21,аналитик,отдел анализа,T-05,S-1,hierarchy,M-2,"{""old"": ""Контроль"", ""new"": ""Исполнение""}"
T-05-TASK-008,Взята в работу,2026-11-16 10:37:41,P-23,исполнитель,производство,T-05,S-1,hierarchy,M-2,
T-05-TASK-005,Взята в работу,2026-11-16 10:39:21,P-25,контролёр,отдел качества,T-05,S-1,hierarchy,M-2,
T-05-TASK-005,Сдача,2026-11-16 10:40:53,P-21,аналитик,отдел анализа,T-05,S-1,hierarchy,M-2,"{""old"": ""Контроль"", ""new"": ""Сдача""}"
T-05-TASK-008,Контроль,2026-11-16 10:41:02,P-21,аналитик,отдел анализа,T-05,S-1,hierarchy,M-2,"{""old"": ""Исполнение"", ""new"": ""Контроль""}"
T-05-TASK-007,Взята в работу,2026-11-16 10:41:28,P-21,аналитик,отдел анализа,T-05,S-1,hierarchy,M-2,
T-05-TASK-006,Взята в работу,2026-11-16 10:44:06,P-23,исполнитель,производство,T-05,S-1,hierarchy,M-2,
T-05-TASK-007,Проектирование,2026-11-16 10:45:03,P-21,аналитик,отдел анализа,T-05,S-1,hierarchy,M-2,"{""old"": ""Анализ"", ""new"": ""Проектирование""}"
T-05-TASK-008,Взята в работу,2026-11-16 10:45:56,P-25,контролёр,отдел качества,T-05,S-1,hierarchy,M-2,
T-05-TASK-007,Взята в работу,2026-11-16 10:46:21,P-22,архитектор,отдел проектирования,T-05,S-1,hierarchy,M-2,
T-05-TASK-006,Контроль,2026-11-16 10:47:58,P-21,аналитик,отдел анализа,T-05,S-1,hierarchy,M-2,"{""old"": ""Исполнение"", ""new"": ""Контроль""}"
T-05-TASK-008,Исполнение,2026-11-16 10:48:06,P-21,аналитик,отдел анализа,T-05,S-1,hierarchy,M-2,"{""old"": ""Контроль"", ""new"": ""Исполнение""}"
T-05-TASK-007,Анализ,2026-11-16 10:48:18,P-21,аналитик,отдел анализа,T-05,S-1,hierarchy,M-2,"{""old"": ""Проектирование"", ""new"": ""Анализ""}"
T-05-TASK-006,Взята в работу,2026-11-16 10:49:02,P-25,контролёр,отдел качества,T-05,S-1,hierarchy,M-2,
T-05-TASK-008,Взята в работу,2026-11-16 10:49:03,P-23,исполнитель,производство,T-05,S-1,hierarchy,M-2,
T-05-TASK-007,Взята в работу,2026-11-16 10:49:54,P-21,аналитик,отдел анализа,T-05,S-1,hierarchy,M-2,
T-05-TASK-008,Контроль,2026-11-16 10:50:45,P-21,аналитик,отдел анализа,T-05,S-1,hierarchy,M-2,"{""old"": ""Исполнение"", ""new"": ""Контроль""}"
T-05-TASK-006,Сдача,2026-11-16 10:52:23,P-21,аналитик,отдел анализа,T-05,S-1,hierarchy,M-2,"{""old"": ""Контроль"", ""new"": ""Сдача""}"
M-2,Срок вехи изменён,2026-11-16 10:53:00,P-21,аналитик,отдел анализа,T-05,S-1,hierarchy,M-2,"{""old"": ""2026-11-16T10:55:00"", ""new"": ""2026-11-16T11:05:00""}"
T-05-TASK-008,Взята в работу,2026-11-16 10:53:22,P-25,контролёр,отдел качества,T-05,S-1,hierarchy,M-2,
T-05-TASK-001,Взята в работу,2026-11-16 10:53:40,P-23,исполнитель,производство,T-05,S-1,hierarchy,M-1,
T-05-TASK-007,Проектирование,2026-11-16 10:53:50,P-21,аналитик,отдел анализа,T-05,S-1,hierarchy,M-2,"{""old"": ""Анализ"", ""new"": ""Проектирование""}"
T-05-TASK-001,Контроль,2026-11-16 10:55:26,P-21,аналитик,отдел анализа,T-05,S-1,hierarchy,M-1,"{""old"": ""Исполнение"", ""new"": ""Контроль""}"
T-05-TASK-008,Сдача,2026-11-16 10:56:36,P-21,аналитик,отдел анализа,T-05,S-1,hierarchy,M-2,"{""old"": ""Контроль"", ""new"": ""Сдача""}"
T-05-TASK-007,Взята в работу,2026-11-16 10:59:49,P-22,архитектор,отдел проектирования,T-05,S-1,hierarchy,M-2,
T-05-TASK-007,Исполнение,2026-11-16 11:01:38,P-21,аналитик,отдел анализа,T-05,S-1,hierarchy,M-2,"{""old"": ""Проектирование"", ""new"": ""Исполнение""}"
T-05-TASK-007,Взята в работу,2026-11-16 11:02:10,P-24,исполнитель,производство,T-05,S-1,hierarchy,M-2,
T-05-TASK-007,Контроль,2026-11-16 11:03:42,P-21,аналитик,отдел анализа,T-05,S-1,hierarchy,M-2,"{""old"": ""Исполнение"", ""new"": ""Контроль""}"
T-05-TASK-007,Взята в работу,2026-11-16 11:06:52,P-25,контролёр,отдел качества,T-05,S-1,hierarchy,M-2,
T-05-TASK-001,Взята в работу,2026-11-16 11:08:39,P-25,контролёр,отдел качества,T-05,S-1,hierarchy,M-1,
T-05-TASK-007,Исполнение,2026-11-16 11:09:28,P-21,аналитик,отдел анализа,T-05,S-1,hierarchy,M-2,"{""old"": ""Контроль"", ""new"": ""Исполнение""}"
T-05-TASK-007,Взята в работу,2026-11-16 11:10:55,P-23,исполнитель,производство,T-05,S-1,hierarchy,M-2,
T-05-TASK-001,Сдача,2026-11-16 11:11:35,P-21,аналитик,отдел анализа,T-05,S-1,hierarchy,M-1,"{""old"": ""Контроль"", ""new"": ""Сдача""}"
M-1,Веха закрыта,2026-11-16 11:12:35,P-25,контролёр,отдел качества,T-05,S-1,hierarchy,M-1,"{""deadline"": ""2026-11-16T10:40:00""}"
T-05-TASK-007,Контроль,2026-11-16 11:14:35,P-21,аналитик,отдел анализа,T-05,S-1,hierarchy,M-2,"{""old"": ""Исполнение"", ""new"": ""Контроль""}"
T-05-TASK-007,Взята в работу,2026-11-16 11:23:13,P-25,контролёр,отдел качества,T-05,S-1,hierarchy,M-2,
T-05-TASK-007,Исполнение,2026-11-16 11:25:43,P-21,аналитик,отдел анализа,T-05,S-1,hierarchy,M-2,"{""old"": ""Контроль"", ""new"": ""Исполнение""}"
T-05-TASK-007,Взята в работу,2026-11-16 11:26:32,P-23,исполнитель,производство,T-05,S-1,hierarchy,M-2,
T-05-TASK-007,Контроль,2026-11-16 11:30:04,P-21,аналитик,отдел анализа,T-05,S-1,hierarchy,M-2,"{""old"": ""Исполнение"", ""new"": ""Контроль""}"
T-05-TASK-007,Взята в работу,2026-11-16 11:30:30,P-25,контролёр,отдел качества,T-05,S-1,hierarchy,M-2,
T-05-TASK-007,Сдача,2026-11-16 11:32:38,P-21,аналитик,отдел анализа,T-05,S-1,hierarchy,M-2,"{""old"": ""Контроль"", ""new"": ""Сдача""}"
M-2,Веха закрыта,2026-11-16 11:33:38,P-25,контролёр,отдел качества,T-05,S-1,hierarchy,M-2,"{""deadline"": ""2026-11-16T11:05:00""}"
T-06-TASK-003,Анализ,2026-11-17 10:00:48,P-26,аналитик,отдел анализа,T-06,S-1,hierarchy,M-1,
T-06-TASK-003,Взята в работу,2026-11-17 10:03:59,P-26,аналитик,отдел анализа,T-06,S-1,hierarchy,M-1,
T-06-TASK-001,Анализ,2026-11-17 10:05:39,P-26,аналитик,отдел анализа,T-06,S-1,hierarchy,M-1,
T-06-TASK-001,Взята в работу,2026-11-17 10:06:01,P-26,аналитик,отдел анализа,T-06,S-1,hierarchy,M-1,
T-06-TASK-004,Анализ,2026-11-17 10:06:35,P-26,аналитик,отдел анализа,T-06,S-1,hierarchy,M-1,
T-06-TASK-003,Проектирование,2026-11-17 10:07:06,P-26,аналитик,отдел анализа,T-06,S-1,hierarchy,M-1,"{""old"": ""Анализ"", ""new"": ""Проектирование""}"
T-06-TASK-002,Анализ,2026-11-17 10:08:03,P-26,аналитик,отдел анализа,T-06,S-1,hierarchy,M-1,
T-06-TASK-001,Проектирование,2026-11-17 10:08:06,P-26,аналитик,отдел анализа,T-06,S-1,hierarchy,M-1,"{""old"": ""Анализ"", ""new"": ""Проектирование""}"
T-06-TASK-003,Взята в работу,2026-11-17 10:08:06,P-27,архитектор,отдел проектирования,T-06,S-1,hierarchy,M-1,
T-06-TASK-004,Взята в работу,2026-11-17 10:08:17,P-26,аналитик,отдел анализа,T-06,S-1,hierarchy,M-1,
T-06-TASK-003,Исполнение,2026-11-17 10:11:04,P-26,аналитик,отдел анализа,T-06,S-1,hierarchy,M-1,"{""old"": ""Проектирование"", ""new"": ""Исполнение""}"
T-06-TASK-002,Взята в работу,2026-11-17 10:11:31,P-26,аналитик,отдел анализа,T-06,S-1,hierarchy,M-1,
T-06-TASK-004,Проектирование,2026-11-17 10:12:09,P-26,аналитик,отдел анализа,T-06,S-1,hierarchy,M-1,"{""old"": ""Анализ"", ""new"": ""Проектирование""}"
T-06-TASK-007,Анализ,2026-11-17 10:12:43,P-26,аналитик,отдел анализа,T-06,S-1,hierarchy,M-2,
T-06-TASK-005,Анализ,2026-11-17 10:13:45,P-26,аналитик,отдел анализа,T-06,S-1,hierarchy,M-2,
T-06-TASK-002,Проектирование,2026-11-17 10:14:15,P-26,аналитик,отдел анализа,T-06,S-1,hierarchy,M-1,"{""old"": ""Анализ"", ""new"": ""Проектирование""}"
T-06-TASK-007,Взята в работу,2026-11-17 10:14:20,P-26,аналитик,отдел анализа,T-06,S-1,hierarchy,M-2,
T-06-TASK-004,Взята в работу,2026-11-17 10:15:11,P-27,архитектор,отдел проектирования,T-06,S-1,hierarchy,M-1,
T-06-TASK-001,Взята в работу,2026-11-17 10:15:51,P-27,архитектор,отдел проектирования,T-06,S-1,hierarchy,M-1,
T-06-TASK-008,Анализ,2026-11-17 10:16:38,P-26,аналитик,отдел анализа,T-06,S-1,hierarchy,M-2,
T-06-TASK-004,Исполнение,2026-11-17 10:17:28,P-26,аналитик,отдел анализа,T-06,S-1,hierarchy,M-1,"{""old"": ""Проектирование"", ""new"": ""Исполнение""}"
T-06-TASK-007,Проектирование,2026-11-17 10:17:49,P-26,аналитик,отдел анализа,T-06,S-1,hierarchy,M-2,"{""old"": ""Анализ"", ""new"": ""Проектирование""}"
T-06-TASK-005,Взята в работу,2026-11-17 10:18:37,P-26,аналитик,отдел анализа,T-06,S-1,hierarchy,M-2,
T-06-TASK-002,Взята в работу,2026-11-17 10:18:48,P-27,архитектор,отдел проектирования,T-06,S-1,hierarchy,M-1,
T-06-TASK-001,Исполнение,2026-11-17 10:18:55,P-26,аналитик,отдел анализа,T-06,S-1,hierarchy,M-1,"{""old"": ""Проектирование"", ""new"": ""Исполнение""}"
T-06-TASK-008,Взята в работу,2026-11-17 10:19:41,P-26,аналитик,отдел анализа,T-06,S-1,hierarchy,M-2,
T-06-TASK-007,Взята в работу,2026-11-17 10:19:53,P-27,архитектор,отдел проектирования,T-06,S-1,hierarchy,M-2,
T-06-TASK-005,Проектирование,2026-11-17 10:21:22,P-26,аналитик,отдел анализа,T-06,S-1,hierarchy,M-2,"{""old"": ""Анализ"", ""new"": ""Проектирование""}"
T-06-TASK-001,Взята в работу,2026-11-17 10:21:41,P-28,исполнитель,производство,T-06,S-1,hierarchy,M-1,
T-06-TASK-008,Проектирование,2026-11-17 10:21:59,P-26,аналитик,отдел анализа,T-06,S-1,hierarchy,M-2,"{""old"": ""Анализ"", ""new"": ""Проектирование""}"
T-06-TASK-002,Исполнение,2026-11-17 10:22:32,P-26,аналитик,отдел анализа,T-06,S-1,hierarchy,M-1,"{""old"": ""Проектирование"", ""new"": ""Исполнение""}"
T-06-TASK-002,Взята в работу,2026-11-17 10:22:40,P-29,исполнитель,производство,T-06,S-1,hierarchy,M-1,
T-06-TASK-007,Исполнение,2026-11-17 10:23:22,P-26,аналитик,отдел анализа,T-06,S-1,hierarchy,M-2,"{""old"": ""Проектирование"", ""new"": ""Исполнение""}"
T-06-TASK-006,Анализ,2026-11-17 10:24:11,P-26,аналитик,отдел анализа,T-06,S-1,hierarchy,M-2,
T-06-TASK-001,Контроль,2026-11-17 10:24:33,P-26,аналитик,отдел анализа,T-06,S-1,hierarchy,M-1,"{""old"": ""Исполнение"", ""new"": ""Контроль""}"
T-06-TASK-002,Контроль,2026-11-17 10:24:44,P-26,аналитик,отдел анализа,T-06,S-1,hierarchy,M-1,"{""old"": ""Исполнение"", ""new"": ""Контроль""}"
T-06-TASK-007,Взята в работу,2026-11-17 10:25:01,P-28,исполнитель,производство,T-06,S-1,hierarchy,M-2,
T-06-TASK-007,Контроль,2026-11-17 10:27:16,P-26,аналитик,отдел анализа,T-06,S-1,hierarchy,M-2,"{""old"": ""Исполнение"", ""new"": ""Контроль""}"
T-06-TASK-004,Взята в работу,2026-11-17 10:27:29,P-29,исполнитель,производство,T-06,S-1,hierarchy,M-1,
T-06-TASK-006,Взята в работу,2026-11-17 10:28:11,P-26,аналитик,отдел анализа,T-06,S-1,hierarchy,M-2,
T-06-TASK-003,Взята в работу,2026-11-17 10:28:27,P-29,исполнитель,производство,T-06,S-1,hierarchy,M-1,
T-06-TASK-005,Взята в работу,2026-11-17 10:28:30,P-27,архитектор,отдел проектирования,T-06,S-1,hierarchy,M-2,
T-06-TASK-005,Исполнение,2026-11-17 10:30:30,P-26,аналитик,отдел анализа,T-06,S-1,hierarchy,M-2,"{""old"": ""Проектирование"", ""new"": ""Исполнение""}"
T-06-TASK-004,Контроль,2026-11-17 10:31:02,P-26,аналитик,отдел анализа,T-06,S-1,hierarchy,M-1,"{""old"": ""Исполнение"", ""new"": ""Контроль""}"
T-06-TASK-006,Проектирование,2026-11-17 10:31:04,P-26,аналитик,отдел анализа,T-06,S-1,hierarchy,M-2,"{""old"": ""Анализ"", ""new"": ""Проектирование""}"
T-06-TASK-003,Контроль,2026-11-17 10:31:07,P-26,аналитик,отдел анализа,T-06,S-1,hierarchy,M-1,"{""old"": ""Исполнение"", ""new"": ""Контроль""}"
T-06-TASK-006,Взята в работу,2026-11-17 10:32:21,P-27,архитектор,отдел проектирования,T-06,S-1,hierarchy,M-2,
T-06-TASK-003,Взята в работу,2026-11-17 10:33:09,P-30,контролёр,отдел качества,T-06,S-1,hierarchy,M-1,
T-06-TASK-005,Взята в работу,2026-11-17 10:33:23,P-29,исполнитель,производство,T-06,S-1,hierarchy,M-2,
T-06-TASK-006,Анализ,2026-11-17 10:35:57,P-26,аналитик,отдел анализа,T-06,S-1,hierarchy,M-2,"{""old"": ""Проектирование"", ""new"": ""Анализ""}"
T-06-TASK-003,Сдача,2026-11-17 10:36:19,P-26,аналитик,отдел анализа,T-06,S-1,hierarchy,M-1,"{""old"": ""Контроль"", ""new"": ""Сдача""}"
T-06-TASK-004,Взята в работу,2026-11-17 10:36:24,P-30,контролёр,отдел качества,T-06,S-1,hierarchy,M-1,
T-06-TASK-001,Взята в работу,2026-11-17 10:36:30,P-30,контролёр,отдел качества,T-06,S-1,hierarchy,M-1,
T-06-TASK-005,Контроль,2026-11-17 10:36:38,P-26,аналитик,отдел анализа,T-06,S-1,hierarchy,M-2,"{""old"": ""Исполнение"", ""new"": ""Контроль""}"
T-06-TASK-005,Взята в работу,2026-11-17 10:36:47,P-30,контролёр,отдел качества,T-06,S-1,hierarchy,M-2,
T-06-TASK-007,Взята в работу,2026-11-17 10:37:17,P-30,контролёр,отдел качества,T-06,S-1,hierarchy,M-2,
T-06-TASK-004,Сдача,2026-11-17 10:39:15,P-26,аналитик,отдел анализа,T-06,S-1,hierarchy,M-1,"{""old"": ""Контроль"", ""new"": ""Сдача""}"
T-06-TASK-005,Сдача,2026-11-17 10:39:51,P-26,аналитик,отдел анализа,T-06,S-1,hierarchy,M-2,"{""old"": ""Контроль"", ""new"": ""Сдача""}"
T-06-TASK-007,Сдача,2026-11-17 10:39:54,P-26,аналитик,отдел анализа,T-06,S-1,hierarchy,M-2,"{""old"": ""Контроль"", ""new"": ""Сдача""}"
T-06-TASK-001,Исполнение,2026-11-17 10:40:04,P-26,аналитик,отдел анализа,T-06,S-1,hierarchy,M-1,"{""old"": ""Контроль"", ""new"": ""Исполнение""}"
T-06-TASK-006,Взята в работу,2026-11-17 10:41:10,P-26,аналитик,отдел анализа,T-06,S-1,hierarchy,M-2,
T-06-TASK-008,Взята в работу,2026-11-17 10:41:44,P-27,архитектор,отдел проектирования,T-06,S-1,hierarchy,M-2,
T-06-TASK-006,Проектирование,2026-11-17 10:43:03,P-26,аналитик,отдел анализа,T-06,S-1,hierarchy,M-2,"{""old"": ""Анализ"", ""new"": ""Проектирование""}"
T-06-TASK-008,Исполнение,2026-11-17 10:43:50,P-26,аналитик,отдел анализа,T-06,S-1,hierarchy,M-2,"{""old"": ""Проектирование"", ""new"": ""Исполнение""}"
T-06-TASK-008,Взята в работу,2026-11-17 10:44:04,P-29,исполнитель,производство,T-06,S-1,hierarchy,M-2,
T-06-TASK-006,Взята в работу,2026-11-17 10:46:36,P-27,архитектор,отдел проектирования,T-06,S-1,hierarchy,M-2,
T-06-TASK-008,Контроль,2026-11-17 10:47:25,P-26,аналитик,отдел анализа,T-06,S-1,hierarchy,M-2,"{""old"": ""Исполнение"", ""new"": ""Контроль""}"
T-06-TASK-001,Взята в работу,2026-11-17 10:47:56,P-28,исполнитель,производство,T-06,S-1,hierarchy,M-1,
T-06-TASK-006,Исполнение,2026-11-17 10:48:47,P-26,аналитик,отдел анализа,T-06,S-1,hierarchy,M-2,"{""old"": ""Проектирование"", ""new"": ""Исполнение""}"
T-06-TASK-008,Взята в работу,2026-11-17 10:49:52,P-30,контролёр,отдел качества,T-06,S-1,hierarchy,M-2,
T-06-TASK-006,Взята в работу,2026-11-17 10:50:11,P-29,исполнитель,производство,T-06,S-1,hierarchy,M-2,
T-06-TASK-001,Контроль,2026-11-17 10:50:55,P-26,аналитик,отдел анализа,T-06,S-1,hierarchy,M-1,"{""old"": ""Исполнение"", ""new"": ""Контроль""}"
M-2,Срок вехи изменён,2026-11-17 10:53:00,P-26,аналитик,отдел анализа,T-06,S-1,hierarchy,M-2,"{""old"": ""2026-11-17T10:55:00"", ""new"": ""2026-11-17T11:05:00""}"
T-06-TASK-008,Сдача,2026-11-17 10:53:01,P-26,аналитик,отдел анализа,T-06,S-1,hierarchy,M-2,"{""old"": ""Контроль"", ""new"": ""Сдача""}"
T-06-TASK-006,Контроль,2026-11-17 10:53:04,P-26,аналитик,отдел анализа,T-06,S-1,hierarchy,M-2,"{""old"": ""Исполнение"", ""new"": ""Контроль""}"
T-06-TASK-001,Взята в работу,2026-11-17 10:53:48,P-30,контролёр,отдел качества,T-06,S-1,hierarchy,M-1,
T-06-TASK-006,Взята в работу,2026-11-17 10:54:07,P-30,контролёр,отдел качества,T-06,S-1,hierarchy,M-2,
T-06-TASK-001,Сдача,2026-11-17 10:56:29,P-26,аналитик,отдел анализа,T-06,S-1,hierarchy,M-1,"{""old"": ""Контроль"", ""new"": ""Сдача""}"
T-06-TASK-006,Сдача,2026-11-17 10:57:07,P-26,аналитик,отдел анализа,T-06,S-1,hierarchy,M-2,"{""old"": ""Контроль"", ""new"": ""Сдача""}"
M-2,Веха закрыта,2026-11-17 10:58:07,P-30,контролёр,отдел качества,T-06,S-1,hierarchy,M-2,"{""deadline"": ""2026-11-17T11:05:00""}"
T-06-TASK-002,Взята в работу,2026-11-17 11:03:31,P-30,контролёр,отдел качества,T-06,S-1,hierarchy,M-1,
T-06-TASK-002,Сдача,2026-11-17 11:06:42,P-26,аналитик,отдел анализа,T-06,S-1,hierarchy,M-1,"{""old"": ""Контроль"", ""new"": ""Сдача""}"
M-1,Веха закрыта,2026-11-17 11:07:42,P-30,контролёр,отдел качества,T-06,S-1,hierarchy,M-1,"{""deadline"": ""2026-11-17T10:30:00""}"
T-07-TASK-001,Анализ,2026-11-18 10:00:44,P-31,аналитик,отдел анализа,T-07,S-1,self_org,M-1,
T-07-TASK-003,Анализ,2026-11-18 10:00:55,P-31,аналитик,отдел анализа,T-07,S-1,self_org,M-1,
T-07-TASK-003,Взята в работу,2026-11-18 10:02:18,P-31,аналитик,отдел анализа,T-07,S-1,self_org,M-1,
T-07-TASK-004,Анализ,2026-11-18 10:02:51,P-31,аналитик,отдел анализа,T-07,S-1,self_org,M-1,
T-07-TASK-003,Проектирование,2026-11-18 10:04:44,P-31,аналитик,отдел анализа,T-07,S-1,self_org,M-1,"{""old"": ""Анализ"", ""new"": ""Проектирование""}"
T-07-TASK-003,Взята в работу,2026-11-18 10:05:51,P-32,архитектор,отдел проектирования,T-07,S-1,self_org,M-1,
T-07-TASK-004,Взята в работу,2026-11-18 10:06:55,P-31,аналитик,отдел анализа,T-07,S-1,self_org,M-1,
T-07-TASK-003,Исполнение,2026-11-18 10:08:23,P-32,архитектор,отдел проектирования,T-07,S-1,self_org,M-1,"{""old"": ""Проектирование"", ""new"": ""Исполнение""}"
T-07-TASK-001,Взята в работу,2026-11-18 10:08:53,P-31,аналитик,отдел анализа,T-07,S-1,self_org,M-1,
T-07-TASK-003,Взята в работу,2026-11-18 10:09:08,P-33,исполнитель,производство,T-07,S-1,self_org,M-1,
T-07-TASK-004,Проектирование,2026-11-18 10:09:34,P-31,аналитик,отдел анализа,T-07,S-1,self_org,M-1,"{""old"": ""Анализ"", ""new"": ""Проектирование""}"
T-07-TASK-002,Анализ,2026-11-18 10:09:45,P-31,аналитик,отдел анализа,T-07,S-1,self_org,M-1,
T-07-TASK-003,Контроль,2026-11-18 10:10:50,P-33,исполнитель,производство,T-07,S-1,self_org,M-1,"{""old"": ""Исполнение"", ""new"": ""Контроль""}"
T-07-TASK-001,Проектирование,2026-11-18 10:12:34,P-31,аналитик,отдел анализа,T-07,S-1,self_org,M-1,"{""old"": ""Анализ"", ""new"": ""Проектирование""}"
T-07-TASK-001,Взята в работу,2026-11-18 10:12:59,P-32,архитектор,отдел проектирования,T-07,S-1,self_org,M-1,
T-07-TASK-002,Взята в работу,2026-11-18 10:13:36,P-31,аналитик,отдел анализа,T-07,S-1,self_org,M-1,
T-07-TASK-006,Анализ,2026-11-18 10:14:22,P-31,аналитик,отдел анализа,T-07,S-1,self_org,M-2,
T-07-TASK-003,Взята в работу,2026-11-18 10:14:42,P-35,контролёр,отдел качества,T-07,S-1,self_org,M-1,
T-07-TASK-007,Анализ,2026-11-18 10:15:08,P-31,аналитик,отдел анализа,T-07,S-1,self_org,M-2,
T-07-TASK-002,Проектирование,2026-11-18 10:15:41,P-31,аналитик,отдел анализа,T-07,S-1,self_org,M-1,"{""old"": ""Анализ"", ""new"": ""Проектирование""}"
T-07-TASK-005,Анализ,2026-11-18 10:15:55,P-31,аналитик,отдел анализа,T-07,S-1,self_org,M-2,
T-07-TASK-005,Взята в работу,2026-11-18 10:16:00,P-31,аналитик,отдел анализа,T-07,S-1,self_org,M-2,
T-07-TASK-001,Анализ,2026-11-18 10:16:46,P-32,архитектор,отдел проектирования,T-07,S-1,self_org,M-1,"{""old"": ""Проектирование"", ""new"": ""Анализ""}"
T-07-TASK-003,Сдача,2026-11-18 10:16:48,P-35,контролёр,отдел качества,T-07,S-1,self_org,M-1,"{""old"": ""Контроль"", ""new"": ""Сдача""}"
T-07-TASK-006,Взята в работу,2026-11-18 10:18:15,P-31,аналитик,отдел анализа,T-07,S-1,self_org,M-2,
T-07-TASK-004,Взята в работу,2026-11-18 10:18:44,P-32,архитектор,отдел проектирования,T-07,S-1,self_org,M-1,
T-07-TASK-001,Взята в работу,2026-11-18 10:18:53,P-31,аналитик,отдел анализа,T-07,S-1,self_org,M-1,
T-07-TASK-005,Проектирование,2026-11-18 10:19:34,P-31,аналитик,отдел анализа,T-07,S-1,self_org,M-2,"{""old"": ""Анализ"", ""new"": ""Проектирование""}"
T-07-TASK-005,Взята в работу,2026-11-18 10:20:51,P-32,архитектор,отдел проектирования,T-07,S-1,self_org,M-2,
T-07-TASK-004,Исполнение,2026-11-18 10:21:24,P-32,архитектор,отдел проектирования,T-07,S-1,self_org,M-1,"{""old"": ""Проектирование"", ""new"": ""Исполнение""}"
T-07-TASK-006,Проектирование,2026-11-18 10:21:27,P-31,аналитик,отдел анализа,T-07,S-1,self_org,M-2,"{""old"": ""Анализ"", ""new"": ""Проектирование""}"
T-07-TASK-004,Взята в работу,2026-11-18 10:21:42,P-33,исполнитель,производство,T-07,S-1,self_org,M-1,
T-07-TASK-001,Проектирование,2026-11-18 10:22:01,P-31,аналитик,отдел анализа,T-07,S-1,self_org,M-1,"{""old"": ""Анализ"", ""new"": ""Проектирование""}"
T-07-TASK-001,Взята в работу,2026-11-18 10:22:19,P-32,архитектор,отдел проектирования,T-07,S-1,self_org,M-1,
T-07-TASK-005,Исполнение,2026-11-18 10:23:46,P-32,архитектор,отдел проектирования,T-07,S-1,self_org,M-2,"{""old"": ""Проектирование"", ""new"": ""Исполнение""}"
T-07-TASK-006,Взята в работу,2026-11-18 10:25:24,P-32,архитектор,отдел проектирования,T-07,S-1,self_org,M-2,
T-07-TASK-004,Контроль,2026-11-18 10:25:34,P-33,исполнитель,производство,T-07,S-1,self_org,M-1,"{""old"": ""Исполнение"", ""new"": ""Контроль""}"
T-07-TASK-001,Исполнение,2026-11-18 10:25:47,P-32,архитектор,отдел проектирования,T-07,S-1,self_org,M-1,"{""old"": ""Проектирование"", ""new"": ""Исполнение""}"
T-07-TASK-007,Взята в работу,2026-11-18 10:28:49,P-31,аналитик,отдел анализа,T-07,S-1,self_org,M-2,
T-07-TASK-008,Анализ,2026-11-18 10:28:51,P-31,аналитик,отдел анализа,T-07,S-1,self_org,M-2,
T-07-TASK-006,Исполнение,2026-11-18 10:29:10,P-32,архитектор,отдел проектирования,T-07,S-1,self_org,M-2,"{""old"": ""Проектирование"", ""new"": ""Исполнение""}"
T-07-TASK-004,Взята в работу,2026-11-18 10:29:38,P-35,контролёр,отдел качества,T-07,S-1,self_org,M-1,
T-07-TASK-001,Взята в работу,2026-11-18 10:29:59,P-34,исполнитель,производство,T-07,S-1,self_org,M-1,
T-07-TASK-007,Проектирование,2026-11-18 10:31:04,P-31,аналитик,отдел анализа,T-07,S-1,self_org,M-2,"{""old"": ""Анализ"", ""new"": ""Проектирование""}"
T-07-TASK-004,Исполнение,2026-11-18 10:32:12,P-35,контролёр,отдел качества,T-07,S-1,self_org,M-1,"{""old"": ""Контроль"", ""new"": ""Исполнение""}"
T-07-TASK-004,Взята в работу,2026-11-18 10:33:05,P-34,исполнитель,производство,T-07,S-1,self_org,M-1,
T-07-TASK-005,Взята в работу,2026-11-18 10:33:26,P-33,исполнитель,производство,T-07,S-1,self_org,M-2,
T-07-TASK-001,Контроль,2026-11-18 10:33:36,P-34,исполнитель,производство,T-07,S-1,self_org,M-1,"{""old"": ""Исполнение"", ""new"": ""Контроль""}"
T-07-TASK-006,Взята в работу,2026-11-18 10:35:23,P-34,исполнитель,производство,T-07,S-1,self_org,M-2,
T-07-TASK-004,Контроль,2026-11-18 10:35:33,P-34,исполнитель,производство,T-07,S-1,self_org,M-1,"{""old"": ""Исполнение"", ""new"": ""Контроль""}"
T-07-TASK-004,Взята в работу,2026-11-18 10:36:00,P-35,контролёр,отдел качества,T-07,S-1,self_org,M-1,
T-07-TASK-005,Контроль,2026-11-18 10:36:48,P-33,исполнитель,производство,T-07,S-1,self_org,M-2,"{""old"": ""Исполнение"", ""new"": ""Контроль""}"
T-07-TASK-006,Контроль,2026-11-18 10:36:58,P-34,исполнитель,производство,T-07,S-1,self_org,M-2,"{""old"": ""Исполнение"", ""new"": ""Контроль""}"
T-07-TASK-007,Взята в работу,2026-11-18 10:37:35,P-32,архитектор,отдел проектирования,T-07,S-1,self_org,M-2,
T-07-TASK-004,Сдача,2026-11-18 10:38:27,P-35,контролёр,отдел качества,T-07,S-1,self_org,M-1,"{""old"": ""Контроль"", ""new"": ""Сдача""}"
T-07-TASK-008,Взята в работу,2026-11-18 10:38:44,P-31,аналитик,отдел анализа,T-07,S-1,self_org,M-2,
T-07-TASK-002,Взята в работу,2026-11-18 10:39:32,P-32,архитектор,отдел проектирования,T-07,S-1,self_org,M-1,
T-07-TASK-007,Анализ,2026-11-18 10:40:15,P-32,архитектор,отдел проектирования,T-07,S-1,self_org,M-2,"{""old"": ""Проектирование"", ""new"": ""Анализ""}"
T-07-TASK-008,Проектирование,2026-11-18 10:40:47,P-31,аналитик,отдел анализа,T-07,S-1,self_org,M-2,"{""old"": ""Анализ"", ""new"": ""Проектирование""}"
T-07-TASK-006,Взята в работу,2026-11-18 10:42:14,P-35,контролёр,отдел качества,T-07,S-1,self_org,M-2,
T-07-TASK-005,Взята в работу,2026-11-18 10:42:46,P-35,контролёр,отдел качества,T-07,S-1,self_org,M-2,
T-07-TASK-002,Исполнение,2026-11-18 10:42:54,P-32,архитектор,отдел проектирования,T-07,S-1,self_org,M-1,"{""old"": ""Проектирование"", ""new"": ""Исполнение""}"
T-07-TASK-006,Исполнение,2026-11-18 10:43:58,P-35,контролёр,отдел качества,T-07,S-1,self_org,M-2,"{""old"": ""Контроль"", ""new"": ""Исполнение""}"
T-07-TASK-006,Взята в работу,2026-11-18 10:44:44,P-34,исполнитель,производство,T-07,S-1,self_org,M-2,
T-07-TASK-008,Взята в работу,2026-11-18 10:44:49,P-32,архитектор,отдел проектирования,T-07,S-1,self_org,M-2,
T-07-TASK-005,Сдача,2026-11-18 10:44:51,P-35,контролёр,отдел качества,T-07,S-1,self_org,M-2,"{""old"": ""Контроль"", ""new"": ""Сдача""}"
T-07-TASK-001,Взята в работу,2026-11-18 10:45:56,P-35,контролёр,отдел качества,T-07,S-1,self_org,M-1,
T-07-TASK-006,Контроль,2026-11-18 10:46:34,P-34,исполнитель,производство,T-07,S-1,self_org,M-2,"{""old"": ""Исполнение"", ""new"": ""Контроль""}"
T-07-TASK-008,Исполнение,2026-11-18 10:47:29,P-32,архитектор,отдел проектирования,T-07,S-1,self_org,M-2,"{""old"": ""Проектирование"", ""new"": ""Исполнение""}"
T-07-TASK-008,Взята в работу,2026-11-18 10:47:58,P-34,исполнитель,производство,T-07,S-1,self_org,M-2,
T-07-TASK-007,Взята в работу,2026-11-18 10:48:07,P-31,аналитик,отдел анализа,T-07,S-1,self_org,M-2,
T-07-TASK-002,Взята в работу,2026-11-18 10:48:37,P-33,исполнитель,производство,T-07,S-1,self_org,M-1,
T-07-TASK-001,Сдача,2026-11-18 10:49:00,P-35,контролёр,отдел качества,T-07,S-1,self_org,M-1,"{""old"": ""Контроль"", ""new"": ""Сдача""}"
T-07-TASK-006,Взята в работу,2026-11-18 10:49:35,P-35,контролёр,отдел качества,T-07,S-1,self_org,M-2,
T-07-TASK-008,Контроль,2026-11-18 10:49:35,P-34,исполнитель,производство,T-07,S-1,self_org,M-2,"{""old"": ""Исполнение"", ""new"": ""Контроль""}"
T-07-TASK-008,Взята в работу,2026-11-18 10:51:02,P-35,контролёр,отдел качества,T-07,S-1,self_org,M-2,
T-07-TASK-007,Проектирование,2026-11-18 10:51:26,P-31,аналитик,отдел анализа,T-07,S-1,self_org,M-2,"{""old"": ""Анализ"", ""new"": ""Проектирование""}"
T-07-TASK-002,Контроль,2026-11-18 10:51:52,P-33,исполнитель,производство,T-07,S-1,self_org,M-1,"{""old"": ""Исполнение"", ""new"": ""Контроль""}"
T-07-TASK-006,Сдача,2026-11-18 10:53:22,P-35,контролёр,отдел качества,T-07,S-1,self_org,M-2,"{""old"": ""Контроль"", ""new"": ""Сдача""}"
T-07-TASK-008,Исполнение,2026-11-18 10:53:46,P-35,контролёр,отдел качества,T-07,S-1,self_org,M-2,"{""old"": ""Контроль"", ""new"": ""Исполнение""}"
T-07-TASK-002,Взята в работу,2026-11-18 10:54:13,P-35,контролёр,отдел качества,T-07,S-1,self_org,M-1,
T-07-TASK-008,Взята в работу,2026-11-18 10:55:44,P-33,исполнитель,производство,T-07,S-1,self_org,M-2,
T-07-TASK-002,Сдача,2026-11-18 10:57:27,P-35,контролёр,отдел качества,T-07,S-1,self_org,M-1,"{""old"": ""Контроль"", ""new"": ""Сдача""}"
T-07-TASK-008,Контроль,2026-11-18 10:58:10,P-33,исполнитель,производство,T-07,S-1,self_org,M-2,"{""old"": ""Исполнение"", ""new"": ""Контроль""}"
M-1,Веха закрыта,2026-11-18 10:58:27,P-35,контролёр,отдел качества,T-07,S-1,self_org,M-1,"{""deadline"": ""2026-11-18T10:30:00""}"
T-07-TASK-008,Взята в работу,2026-11-18 11:01:42,P-35,контролёр,отдел качества,T-07,S-1,self_org,M-2,
T-07-TASK-008,Сдача,2026-11-18 11:05:01,P-35,контролёр,отдел качества,T-07,S-1,self_org,M-2,"{""old"": ""Контроль"", ""new"": ""Сдача""}"
T-07-TASK-007,Взята в работу,2026-11-18 11:05:07,P-32,архитектор,отдел проектирования,T-07,S-1,self_org,M-2,
T-07-TASK-007,Исполнение,2026-11-18 11:08:37,P-32,архитектор,отдел проектирования,T-07,S-1,self_org,M-2,"{""old"": ""Проектирование"", ""new"": ""Исполнение""}"
T-07-TASK-007,Взята в работу,2026-11-18 11:08:41,P-34,исполнитель,производство,T-07,S-1,self_org,M-2,
T-07-TASK-007,Контроль,2026-11-18 11:11:31,P-34,исполнитель,производство,T-07,S-1,self_org,M-2,"{""old"": ""Исполнение"", ""new"": ""Контроль""}"
T-07-TASK-007,Взята в работу,2026-11-18 11:13:22,P-35,контролёр,отдел качества,T-07,S-1,self_org,M-2,
T-07-TASK-007,Исполнение,2026-11-18 11:16:44,P-35,контролёр,отдел качества,T-07,S-1,self_org,M-2,"{""old"": ""Контроль"", ""new"": ""Исполнение""}"
T-07-TASK-007,Взята в работу,2026-11-18 11:23:39,P-34,исполнитель,производство,T-07,S-1,self_org,M-2,
T-07-TASK-007,Контроль,2026-11-18 11:27:30,P-34,исполнитель,производство,T-07,S-1,self_org,M-2,"{""old"": ""Исполнение"", ""new"": ""Контроль""}"
T-07-TASK-007,Взята в работу,2026-11-18 11:31:59,P-35,контролёр,отдел качества,T-07,S-1,self_org,M-2,
T-07-TASK-007,Сдача,2026-11-18 11:34:40,P-35,контролёр,отдел качества,T-07,S-1,self_org,M-2,"{""old"": ""Контроль"", ""new"": ""Сдача""}"
M-2,Веха закрыта,2026-11-18 11:35:40,P-35,контролёр,отдел качества,T-07,S-1,self_org,M-2,"{""deadline"": ""2026-11-18T10:55:00""}"
T-08-TASK-008,Анализ,2026-11-19 10:10:34,P-36,аналитик,отдел анализа,T-08,S-1,self_org,M-2,
T-08-TASK-003,Анализ,2026-11-19 10:11:46,P-36,аналитик,отдел анализа,T-08,S-1,self_org,M-1,
T-08-TASK-001,Анализ,2026-11-19 10:12:18,P-36,аналитик,отдел анализа,T-08,S-1,self_org,M-1,
T-08-TASK-001,Взята в работу,2026-11-19 10:12:26,P-36,аналитик,отдел анализа,T-08,S-1,self_org,M-1,
T-08-TASK-003,Взята в работу,2026-11-19 10:12:32,P-36,аналитик,отдел анализа,T-08,S-1,self_org,M-1,
T-08-TASK-006,Анализ,2026-11-19 10:12:36,P-36,аналитик,отдел анализа,T-08,S-1,self_org,M-2,
T-08-TASK-003,Проектирование,2026-11-19 10:14:10,P-36,аналитик,отдел анализа,T-08,S-1,self_org,M-1,"{""old"": ""Анализ"", ""new"": ""Проектирование""}"
T-08-TASK-007,Анализ,2026-11-19 10:14:15,P-36,аналитик,отдел анализа,T-08,S-1,self_org,M-2,
T-08-TASK-001,Проектирование,2026-11-19 10:14:52,P-36,аналитик,отдел анализа,T-08,S-1,self_org,M-1,"{""old"": ""Анализ"", ""new"": ""Проектирование""}"
T-08-TASK-007,Взята в работу,2026-11-19 10:15:16,P-36,аналитик,отдел анализа,T-08,S-1,self_org,M-2,
T-08-TASK-008,Взята в работу,2026-11-19 10:15:25,P-36,аналитик,отдел анализа,T-08,S-1,self_org,M-2,
T-08-TASK-006,Взята в работу,2026-11-19 10:16:08,P-36,аналитик,отдел анализа,T-08,S-1,self_org,M-2,
T-08-TASK-007,Проектирование,2026-11-19 10:17:02,P-36,аналитик,отдел анализа,T-08,S-1,self_org,M-2,"{""old"": ""Анализ"", ""new"": ""Проектирование""}"
T-08-TASK-003,Взята в работу,2026-11-19 10:17:09,P-37,архитектор,отдел проектирования,T-08,S-1,self_org,M-1,
T-08-TASK-001,Взята в работу,2026-11-19 10:17:13,P-37,архитектор,отдел проектирования,T-08,S-1,self_org,M-1,
T-08-TASK-004,Анализ,2026-11-19 10:17:20,P-36,аналитик,отдел анализа,T-08,S-1,self_org,M-1,
T-08-TASK-007,Взята в работу,2026-11-19 10:17:31,P-37,архитектор,отдел проектирования,T-08,S-1,self_org,M-2,
T-08-TASK-008,Проектирование,2026-11-19 10:17:42,P-36,аналитик,отдел анализа,T-08,S-1,self_org,M-2,"{""old"": ""Анализ"", ""new"": ""Проектирование""}"
T-08-TASK-002,Анализ,2026-11-19 10:18:58,P-36,аналитик,отдел анализа,T-08,S-1,self_org,M-1,
T-08-TASK-006,Проектирование,2026-11-19 10:19:02,P-36,аналитик,отдел анализа,T-08,S-1,self_org,M-2,"{""old"": ""Анализ"", ""new"": ""Проектирование""}"
T-08-TASK-001,Исполнение,2026-11-19 10:19:18,P-37,архитектор,отдел проектирования,T-08,S-1,self_org,M-1,"{""old"": ""Проектирование"", ""new"": ""Исполнение""}"
T-08-TASK-002,Взята в работу,2026-11-19 10:19:21,P-36,аналитик,отдел анализа,T-08,S-1,self_org,M-1,
T-08-TASK-008,Взята в работу,2026-11-19 10:19:25,P-37,архитектор,отдел проектирования,T-08,S-1,self_org,M-2,
T-08-TASK-007,Исполнение,2026-11-19 10:19:43,P-37,архитектор,отдел проектирования,T-08,S-1,self_org,M-2,"{""old"": ""Проектирование"", ""new"": ""Исполнение""}"
T-08-TASK-004,Взята в работу,2026-11-19 10:19:47,P-36,аналитик,отдел анализа,T-08,S-1,self_org,M-1,
T-08-TASK-003,Исполнение,2026-11-19 10:20:31,P-37,архитектор,отдел проектирования,T-08,S-1,self_org,M-1,"{""old"": ""Проектирование"", ""new"": ""Исполнение""}"
T-08-TASK-002,Проектирование,2026-11-19 10:21:23,P-36,аналитик,отдел анализа,T-08,S-1,self_org,M-1,"{""old"": ""Анализ"", ""new"": ""Проектирование""}"
T-08-TASK-008,Анализ,2026-11-19 10:21:23,P-37,архитектор,отдел проектирования,T-08,S-1,self_org,M-2,"{""old"": ""Проектирование"", ""new"": ""Анализ""}"
T-08-TASK-002,Взята в работу,2026-11-19 10:21:36,P-37,архитектор,отдел проектирования,T-08,S-1,self_org,M-1,
T-08-TASK-008,Взята в работу,2026-11-19 10:21:40,P-36,аналитик,отдел анализа,T-08,S-1,self_org,M-2,
T-08-TASK-001,Взята в работу,2026-11-19 10:22:27,P-39,исполнитель,производство,T-08,S-1,self_org,M-1,
T-08-TASK-003,Взята в работу,2026-11-19 10:23:24,P-39,исполнитель,производство,T-08,S-1,self_org,M-1,
T-08-TASK-006,Взята в работу,2026-11-19 10:23:28,P-37,архитектор,отдел проектирования,T-08,S-1,self_org,M-2,
T-08-TASK-004,Проектирование,2026-11-19 10:23:41,P-36,аналитик,отдел анализа,T-08,S-1,self_org,M-1,"{""old"": ""Анализ"", ""new"": ""Проектирование""}"
T-08-TASK-002,Исполнение,2026-11-19 10:23:56,P-37,архитектор,отдел проектирования,T-08,S-1,self_org,M-1,"{""old"": ""Проектирование"", ""new"": ""Исполнение""}"
T-08-TASK-002,Взята в работу,2026-11-19 10:24:13,P-38,исполнитель,производство,T-08,S-1,self_org,M-1,
T-08-TASK-008,Проектирование,2026-11-19 10:25:01,P-36,аналитик,отдел анализа,T-08,S-1,self_org,M-2,"{""old"": ""Анализ"", ""new"": ""Проектирование""}"
T-08-TASK-003,Контроль,2026-11-19 10:25:10,P-39,исполнитель,производство,T-08,S-1,self_org,M-1,"{""old"": ""Исполнение"", ""new"": ""Контроль""}"
T-08-TASK-008,Взята в работу,2026-11-19 10:25:24,P-37,архитектор,отдел проектирования,T-08,S-1,self_org,M-2,
T-08-TASK-006,Исполнение,2026-11-19 10:26:00,P-37,архитектор,отдел проектирования,T-08,S-1,self_org,M-2,"{""old"": ""Проектирование"", ""new"": ""Исполнение""}"
T-08-TASK-001,Контроль,2026-11-19 10:26:24,P-39,исполнитель,производство,T-08,S-1,self_org,M-1,"{""old"": ""Исполнение"", ""new"": ""Контроль""}"
T-08-TASK-005,Анализ,2026-11-19 10:26:32,P-36,аналитик,отдел анализа,T-08,S-1,self_org,M-2,
T-08-TASK-001,Взята в работу,2026-11-19 10:26:39,P-40,контролёр,отдел качества,T-08,S-1,self_org,M-1,
T-08-TASK-007,Взята в работу,2026-11-19 10:27:11,P-39,исполнитель,производство,T-08,S-1,self_org,M-2,
T-08-TASK-002,Контроль,2026-11-19 10:27:38,P-38,исполнитель,производство,T-08,S-1,self_org,M-1,"{""old"": ""Исполнение"", ""new"": ""Контроль""}"
M-1,Срок вехи изменён,2026-11-19 10:28:00,P-36,аналитик,отдел анализа,T-08,S-1,self_org,M-1,"{""old"": ""2026-11-19T10:30:00"", ""new"": ""2026-11-19T10:40:00""}"
T-08-TASK-008,Исполнение,2026-11-19 10:28:14,P-37,архитектор,отдел проектирования,T-08,S-1,self_org,M-2,"{""old"": ""Проектирование"", ""new"": ""Исполнение""}"
T-08-TASK-005,Взята в работу,2026-11-19 10:28:41,P-36,аналитик,отдел анализа,T-08,S-1,self_org,M-2,
T-08-TASK-001,Сдача,2026-11-19 10:28:50,P-40,контролёр,отдел качества,T-08,S-1,self_org,M-1,"{""old"": ""Контроль"", ""new"": ""Сдача""}"
T-08-TASK-008,Взята в работу,2026-11-19 10:29:54,P-39,исполнитель,производство,T-08,S-1,self_org,M-2,
T-08-TASK-005,Проектирование,2026-11-19 10:30:26,P-36,аналитик,отдел анализа,T-08,S-1,self_org,M-2,"{""old"": ""Анализ"", ""new"": ""Проектирование""}"
T-08-TASK-007,Контроль,2026-11-19 10:31:07,P-39,исполнитель,производство,T-08,S-1,self_org,M-2,"{""old"": ""Исполнение"", ""new"": ""Контроль""}"
T-08-TASK-002,Взята в работу,2026-11-19 10:31:09,P-40,контролёр,отдел качества,T-08,S-1,self_org,M-1,
T-08-TASK-005,Взята в работу,2026-11-19 10:31:56,P-37,архитектор,отдел проектирования,T-08,S-1,self_org,M-2,
T-08-TASK-008,Контроль,2026-11-19 10:32:19,P-39,исполнитель,производство,T-08,S-1,self_org,M-2,"{""old"": ""Исполнение"", ""new"": ""Контроль""}"
T-08-TASK-005,Исполнение,2026-11-19 10:34:04,P-37,архитектор,отдел проектирования,T-08,S-1,self_org,M-2,"{""old"": ""Проектирование"", ""new"": ""Исполнение""}"
T-08-TASK-006,Взята в работу,2026-11-19 10:34:06,P-39,исполнитель,производство,T-08,S-1,self_org,M-2,
T-08-TASK-005,Взята в работу,2026-11-19 10:34:21,P-39,исполнитель,производство,T-08,S-1,self_org,M-2,
T-08-TASK-002,Исполнение,2026-11-19 10:34:41,P-40,контролёр,отдел качества,T-08,S-1,self_org,M-1,"{""old"": ""Контроль"", ""new"": ""Исполнение""}"
T-08-TASK-007,Взята в работу,2026-11-19 10:34:52,P-40,контролёр,отдел качества,T-08,S-1,self_org,M-2,
T-08-TASK-003,Взята в работу,2026-11-19 10:36:48,P-40,контролёр,отдел качества,T-08,S-1,self_org,M-1,
T-08-TASK-006,Контроль,2026-11-19 10:37:24,P-39,исполнитель,производство,T-08,S-1,self_org,M-2,"{""old"": ""Исполнение"", ""new"": ""Контроль""}"
T-08-TASK-005,Контроль,2026-11-19 10:37:55,P-39,исполнитель,производство,T-08,S-1,self_org,M-2,"{""old"": ""Исполнение"", ""new"": ""Контроль""}"
T-08-TASK-007,Сдача,2026-11-19 10:38:01,P-40,контролёр,отдел качества,T-08,S-1,self_org,M-2,"{""old"": ""Контроль"", ""new"": ""Сдача""}"
T-08-TASK-008,Взята в работу,2026-11-19 10:38:19,P-40,контролёр,отдел качества,T-08,S-1,self_org,M-2,
T-08-TASK-003,Сдача,2026-11-19 10:38:25,P-40,контролёр,отдел качества,T-08,S-1,self_org,M-1,"{""old"": ""Контроль"", ""new"": ""Сдача""}"
T-08-TASK-005,Взята в работу,2026-11-19 10:40:11,P-40,контролёр,отдел качества,T-08,S-1,self_org,M-2,
T-08-TASK-002,Взята в работу,2026-11-19 10:40:54,P-38,исполнитель,производство,T-08,S-1,self_org,M-1,
T-08-TASK-006,Взята в работу,2026-11-19 10:41:04,P-40,контролёр,отдел качества,T-08,S-1,self_org,M-2,
T-08-TASK-008,Исполнение,2026-11-19 10:41:14,P-40,контролёр,отдел качества,T-08,S-1,self_org,M-2,"{""old"": ""Контроль"", ""new"": ""Исполнение""}"
T-08-TASK-008,Взята в работу,2026-11-19 10:41:55,P-38,исполнитель,производство,T-08,S-1,self_org,M-2,
T-08-TASK-006,Сдача,2026-11-19 10:43:27,P-40,контролёр,отдел качества,T-08,S-1,self_org,M-2,"{""old"": ""Контроль"", ""new"": ""Сдача""}"
T-08-TASK-005,Сдача,2026-11-19 10:43:33,P-40,контролёр,отдел качества,T-08,S-1,self_org,M-2,"{""old"": ""Контроль"", ""new"": ""Сдача""}"
T-08-TASK-002,Контроль,2026-11-19 10:43:54,P-38,исполнитель,производство,T-08,S-1,self_org,M-1,"{""old"": ""Исполнение"", ""new"": ""Контроль""}"
T-08-TASK-008,Контроль,2026-11-19 10:45:18,P-38,исполнитель,производство,T-08,S-1,self_org,M-2,"{""old"": ""Исполнение"", ""new"": ""Контроль""}"
T-08-TASK-008,Взята в работу,2026-11-19 10:49:47,P-40,контролёр,отдел качества,T-08,S-1,self_org,M-2,
T-08-TASK-004,Взята в работу,2026-11-19 10:49:56,P-37,архитектор,отдел проектирования,T-08,S-1,self_org,M-1,
T-08-TASK-002,Взята в работу,2026-11-19 10:51:43,P-40,контролёр,отдел качества,T-08,S-1,self_org,M-1,
T-08-TASK-008,Сдача,2026-11-19 10:51:58,P-40,контролёр,отдел качества,T-08,S-1,self_org,M-2,"{""old"": ""Контроль"", ""new"": ""Сдача""}"
M-2,Веха закрыта,2026-11-19 10:52:58,P-40,контролёр,отдел качества,T-08,S-1,self_org,M-2,"{""deadline"": ""2026-11-19T10:55:00""}"
T-08-TASK-004,Исполнение,2026-11-19 10:53:33,P-37,архитектор,отдел проектирования,T-08,S-1,self_org,M-1,"{""old"": ""Проектирование"", ""new"": ""Исполнение""}"
T-08-TASK-002,Исполнение,2026-11-19 10:53:35,P-40,контролёр,отдел качества,T-08,S-1,self_org,M-1,"{""old"": ""Контроль"", ""new"": ""Исполнение""}"
T-08-TASK-004,Взята в работу,2026-11-19 10:56:15,P-38,исполнитель,производство,T-08,S-1,self_org,M-1,
T-08-TASK-002,Взята в работу,2026-11-19 10:59:59,P-39,исполнитель,производство,T-08,S-1,self_org,M-1,
T-08-TASK-004,Контроль,2026-11-19 11:00:02,P-38,исполнитель,производство,T-08,S-1,self_org,M-1,"{""old"": ""Исполнение"", ""new"": ""Контроль""}"
T-08-TASK-002,Контроль,2026-11-19 11:01:46,P-39,исполнитель,производство,T-08,S-1,self_org,M-1,"{""old"": ""Исполнение"", ""new"": ""Контроль""}"
T-08-TASK-002,Взята в работу,2026-11-19 11:02:20,P-40,контролёр,отдел качества,T-08,S-1,self_org,M-1,
T-08-TASK-002,Сдача,2026-11-19 11:04:43,P-40,контролёр,отдел качества,T-08,S-1,self_org,M-1,"{""old"": ""Контроль"", ""new"": ""Сдача""}"
T-08-TASK-004,Взята в работу,2026-11-19 11:09:12,P-40,контролёр,отдел качества,T-08,S-1,self_org,M-1,
T-08-TASK-004,Исполнение,2026-11-19 11:11:31,P-40,контролёр,отдел качества,T-08,S-1,self_org,M-1,"{""old"": ""Контроль"", ""new"": ""Исполнение""}"
T-08-TASK-004,Взята в работу,2026-11-19 11:12:48,P-38,исполнитель,производство,T-08,S-1,self_org,M-1,
T-08-TASK-004,Контроль,2026-11-19 11:15:53,P-38,исполнитель,производство,T-08,S-1,self_org,M-1,"{""old"": ""Исполнение"", ""new"": ""Контроль""}"
T-08-TASK-004,Взята в работу,2026-11-19 11:17:48,P-40,контролёр,отдел качества,T-08,S-1,self_org,M-1,
T-08-TASK-004,Исполнение,2026-11-19 11:20:48,P-40,контролёр,отдел качества,T-08,S-1,self_org,M-1,"{""old"": ""Контроль"", ""new"": ""Исполнение""}"
T-08-TASK-004,Взята в работу,2026-11-19 11:21:13,P-39,исполнитель,производство,T-08,S-1,self_org,M-1,
T-08-TASK-004,Контроль,2026-11-19 11:24:28,P-39,исполнитель,производство,T-08,S-1,self_org,M-1,"{""old"": ""Исполнение"", ""new"": ""Контроль""}"
T-08-TASK-004,Взята в работу,2026-11-19 11:26:43,P-40,контролёр,отдел качества,T-08,S-1,self_org,M-1,
T-08-TASK-004,Сдача,2026-11-19 11:30:26,P-40,контролёр,отдел качества,T-08,S-1,self_org,M-1,"{""old"": ""Контроль"", ""new"": ""Сдача""}"
M-1,Веха закрыта,2026-11-19 11:31:26,P-40,контролёр,отдел качества,T-08,S-1,self_org,M-1,"{""deadline"": ""2026-11-19T10:40:00""}"
